candidate_id,title,highest_capability_claim,required_domains_strong,required_domains_partial,required_domains_absent,descriptive_feature_limits,priority_for_human_claim_review,extracted_claim_boundary,causal_language,decision_utility,safety_evaluation,evidence_anchors,reviewer_confidence
MWM-XA9B007D895,A Blood Glucose Control Framework Based on Reinforcement Learning With Safety and Interpretability: In Silico Validation,planning,decision;safety,rollout;action,uncertainty,formal_calibration=no;frozen_external_validation=no;explicit_causal_estimand=NA,medium,Planning — sequential insulin control optimized through model rollouts with an explicit safety layer.,The article motivates safe control but does not make an identified causal treatment-effect claim,"Closed-loop simulated glucose control versus PID, including time in target ranges and CVGA outcomes.",Predicted-glucose rules suspend insulin below 70 mg/dL and add insulin above 180 mg/dL; hypoglycemia outcomes are reported in simulation only,"Official IEEE Access article, DOI 10.1109/ACCESS.2021.3100007: Methods Sec. III and Algorithms 1-3; Experiments Sec. IV, Tables 1-4, Figs. 3-7; Appendices A-B.",high
MWM-XD5F16C34AE,A Data-Driven Closed-Loop Control Approach to Drive Neural State Transitions for Mechanistic Insight.,planning,rollout;action,decision,uncertainty;safety,formal_calibration=no;frozen_external_validation=no;explicit_causal_estimand=no;safety_hazard_test=no,high,Planning: optimize controls that move reconstructed brain dynamics between rest and sad-mood targets,"Authors describe model-based causal intervention analyses and mechanistic insight, but interventions occur only in a learned latent model",Simulated target attainment and energy quantify control feasibility; no clinician or patient decision outcome,"No clinical hazard, physiological constraint, failure-recovery, or override evaluation","Human Brain Mapping PMCID PMC13370802: Methods 5.2-5.3 (DSR and control), Results Figs. 2-6, Supplementary Figs. S4 and S12, Limitations, and Data Availability; official humml-lab/fmri-control repository.",high
MWM-X10E1E2640B,A Modular Framework to Predict Alzheimer’s Disease Progression Using Conditional Generative Adversarial Networks,passive_forecasting,none,none,rollout;uncertainty,formal_calibration=no;frozen_external_validation=no,high,Passive forecasting/simulation of Alzheimer-related atrophy,Prediction/simulation language for atrophy progression without a causal intervention claim,"Conceptual early-diagnosis/atrophy visualization only; no clinician, workflow, or decision comparison",NI: no safety or failure-mode evaluation,"Primary IJCNN PDF Sec. IV-A/IV-E and V-A/V-B; Figs. 3, 11-21; Conclusion; DOI 10.1109/IJCNN48605.2020.9206875",high
MWM-0008,A World Model of Radiologist Reading for Medical Image Representation Learning,passive_forecasting,none,none,rollout;uncertainty,formal_calibration=no;frozen_external_validation=no,high,"Passive behavioral forecasting and representation learning, not intervention simulation",Uses causal attention/order terminology only; no causal treatment-effect claim,Frozen-feature diagnosis and scanpath probing only; no decision-impact study,NA,Abstract p.1; Sec. 3 and Fig. 1 pp.3-5; Sec. 4 and Tables 1-5 pp.5-9; Limitations p.10; Appendices A-B pp.13-15,high
MWM-X36A3691F14,A data-driven Alzheimer's disease progression simulator for retrospective validation and prospective Phase III power design.,counterfactual,rollout;action,uncertainty;causal,none,formal_calibration=no;frozen_external_validation=no,medium,Counterfactual — compares simulated placebo and alternative anti-amyloid interventions and estimates treatment effects/power.,Uses causal-intervention and counterfactual terminology for amyloid lowering and downstream outcomes,"Prospective power and sample-size design for Phase III trials, compared with statistical and machine-learning simulators.","NI/negative: adverse events such as ARIA, treatment discontinuation, and treatment-related hazard are not modeled","medRxiv v1 full text, DOI 10.64898/2026.05.03.26352317: Results, Tables 1-2 and Figs. 1-5; Methods sections on ADNI cohort, latent ODE dynamics, intervention calibration, virtual trials, and power.",high
MWM-XB41D731350,A digital twin for hospital antimicrobial resistance forecasting and constrained intervention optimisation,planning,action;decision,rollout;safety,uncertainty,formal_calibration=no;frozen_external_validation=no,medium,Planning: forecast action-conditioned outcomes and optimize constrained screening/isolation policy,The paper labels a causal/intervention branch and generates matched counterfactual futures from identical states,Seventy held-out states support action ranking; MILP demonstrates constrained policy selection in simulation,Containment burden and non-worsening are measured; budget/max-use/cooldown constraints and stress regimes are tested; no clinical deployment safety,"medRxiv version 1 full text: Methods on the synthetic hospital, T=7/H=7 temporal graph task, partial observation, common-state/common-noise intervention branching, and constrained MILP; Results on surveillance and distribution shifts and within-state policy ranking; Code Availability links the predictive and causal repositories.",high
MWM-XF6449FE2D4,AKI-twinX: explainable organ structured digital twin for sepsis AKI trajectory forecasting,counterfactual,none,action,rollout;uncertainty;causal,formal_calibration=no;explicit_causal_estimand=no,high,counterfactual,Calls withdrawal counterfactual while explicitly stating it is not a causal estimate because treatment is confounded,"Retrospective bedside what-if illustration; no clinician study, silent deployment, or measured benefit","Safety-oriented tapering discussion only; no defined hazard threshold, override, stress/recovery test, or prospective safety endpoint","medRxiv v1 Abstract; Results model performance, Figs. 2 and 4-5; Methods Input features, Preprocessing, Phase 1/2, cross-validation; Discussion limitations; Data/Code availability",high
MWM-0011,Action-Conditioned World Model for Goal Plane Probe Guidance in Robotic Ultrasound,planning,action;decision,rollout;uncertainty;safety,none,formal_calibration=no;frozen_external_validation=no;explicit_causal_estimand=NA;safety_hazard_test=no,medium,closed-loop planning for action-conditioned robotic probe guidance,Uses action-dynamics and guidance language and explicitly limits the model to visual dynamics in the observed data distribution rather than a physical simulator,"20 physical trials per task; goal-plane success was 70% for carotid and 65% for thyroid, with steps and completion time reported","Force controller and restricted command axes are described; no force outcomes, adverse-event taxonomy, override test, or monitoring analysis","Sec. II, pp. 2-4: cohort, latent diffusion world model, actions, and policy; Table I, p. 5: trajectory/frame counts and patient split; Fig. 4 and Tables II-IV, pp. 5-7: horizon fidelity, controls, and robot results; Discussion, p. 8: evidence boundary and limitations",high
MWM-0012,Affective Music Recommendation: A Rollout-Based World Model for Offline Preference Optimization,planning,action,rollout;decision;safety,uncertainty,formal_calibration=no;frozen_external_validation=no;explicit_causal_estimand=no;closed_loop_evaluation=offline;safety_hazard_test=no,high,Closed-loop offline preference optimization and predeployment simulation; real-user causal efficacy is not demonstrated,Uses counterfactual-history and in-silico-simulator language without causal identification,Simulator-predicted DPO valence-arousal and diversity gains; no online patient or user outcomes,"Fully offline evaluation, Copycat and KL anchoring, diversity and alignment monitoring, and synthetic or perturbed-history stress tests; no deployment hazard protocol","p.1 Abstract; pp.2-4 Sec. 3 and Fig. 1 for data, state, action and model; pp.5-8 Sec. 4 and Tables 1-5 for splits, metrics, ablations and policy rollouts; p.8 Sec. 5.1-5.3 for safety scope and limitations",High
MWM-0013,Agentifying Patient Dynamics within LLMs through Interacting with Clinical World Model,planning,decision,rollout;action;uncertainty;safety,none,formal_calibration=no;closed_loop_evaluation=offline,high,Counterfactual treatment comparison and closed-loop treatment planning,Calls simulated alternatives counterfactual treatment responses and treatment-policy optimization,"DR, WIS, and WPDIS policy-value estimates; guideline adherence and unsafe-action rates; no prospective clinician-use study",Guideline adherence; extreme under/overdosing rules; 241-episode failure analysis manually checked by four emergency-medicine reviewers,"pp.1-5 Abstract, Secs.2-3, Tables 1-2; pp.8-9 Sec.5, Tables 3-4; pp.15-18 Apps.C-F, Tables 5-10; pp.23-24 Apps.I-J, Table 11, Figs.7-8",High
MWM-0018,Arti-JEPA: Adapting Video World Model to Real-Time MRI of the Vocal Tract for Speech-Production Analysis,passive_forecasting,none,none,rollout;uncertainty,formal_calibration=no;frozen_external_validation=unclear,high,"Passive dynamics representation learning and measurement, not intervention simulation",No causal-effect language; world-model terminology refers to learned video structure,Representation-based speech measurement only; no clinical decision-impact evaluation,NA,Abstract pp.1-2; Sec. 3 pp.3-5 and Table 9 p.19; Sec. 4 pp.6-9 and Tables 1-4; clinical evaluations pp.10-15 and Tables 5-8; Appendix Tables 12-20 pp.20-25; Limitations p.16,high
MWM-X6FB8E7370E,Autosomal Dominant Tubulointerstitial Kidney Disease Clinical Trial Simulator: Case Reports of Model-Informed Drug Development.,counterfactual,action,rollout;uncertainty,causal,formal_calibration=no;frozen_external_validation=no,medium,Counterfactual: assumed treatment modifications are compared with placebo to estimate endpoint behavior and power,Treatment effects are explicitly hypothetical model parameter changes; causal interpretation is assumption-based,"The Shiny simulator estimates sample size, duration, analysis choice, and power for rare-disease trial design","NI/negative: no adverse-event, treatment-toxicity, or safety-hazard process is modeled","Clinical and Translational Science full text, DOI 10.1002/psp4.70258: Methods on CTS development and simulation; case-report Results and figures/tables; Discussion limitations; Data S1 code examples.",high
MWM-0032,BLINK: Behavioral Latent Modeling of NK Cell Cytotoxicity,action_conditioned,none,rollout;action,uncertainty,formal_calibration=no;frozen_external_validation=no,medium,action-conditioned passive forecasting of cellular behavior and cytotoxicity,No causal or counterfactual claim; action denotes observed NK motion,Assay-level death-progression prediction and exploratory behavioral-mode discovery; no clinical or experimental decision study,NA for clinical deployment; no biological-intervention safety evaluation,"Methods, pp. 3-5: RSSM state, action, decoder, and monotonic outcome; Dataset and protocol, p. 6: recording, tracking, scale, split, and exclusions; Table 1, p. 7: predictive baselines and metrics; Fig. 3, p. 8: latent modes and transitions",high
MWM-0034,Brain-WM: Brain Glioblastoma World Model,counterfactual,none,action,rollout;uncertainty;causal,formal_calibration=no;explicit_causal_estimand=no,high,Claims a counterfactual sandbox for care optimization; evidence supports observed-policy next-treatment classification and conditional one-step MRI synthesis,"Uses counterfactual, co-evolution and causal-dependency language",Retrospective agreement with clinician treatment plans and future MRI; no prospective clinical outcome or decision study,"No hazard, override or failure-management evaluation; risk-free-sandbox wording is not empirically established","p.1 Abstract and Fig. 1; pp.2-5 Sec. III for state, treatments and architecture; pp.5-6 Sec. IV-A and Tables I-II for cohorts and splits; pp.7-9 Figs. 4-7 and Tables III-IV for external results and stratified analyses; p.9 Conclusion",High
MWM-0239,CLARITY: Medical World Model for Guiding Treatment Decisions by Modeling Context-Aware Disease Trajectories in Latent Space,planning,none,rollout;action;uncertainty;decision;safety,none,formal_calibration=no;explicit_causal_estimand=no;closed_loop_evaluation=offline;safety_hazard_test=no,high,counterfactual comparison and closed-loop treatment planning,"Uses counterfactual, optimal-treatment, and disease-trajectory language",Agreement with recorded regimens and blinded preference from two experts over 40 cases; no prospective treatment decision or patient outcome,"Prompt constraints specify dose ranges and incompatibilities; no systematic harmful-recommendation severity test, automation-bias control, human override workflow, monitoring, or incident response","Methods/rollout, pp. 5-10: state, treatments, transition, survival, and iterative planning; Datasets, p. 10: cohort sizes and split; Tables 1-6 and Figs. 5-6, pp. 11-15: baselines, metrics, external test, and expert evaluation; Appendix, pp. 19-24: losses, prompt safety constraints, ablations, and limitations","high for extraction; split integrity, causal treatment claims, and expert evaluation require careful adjudication"
MWM-0040,"CalTwin: Towards Calibrated, Shift-Robust Medical World Models via Fisher-Information Regularisation",passive_forecasting,uncertainty,none,rollout,none,medium,Passive next-state forecasting with cross-site robustness and auxiliary-head calibration,No causal treatment-effect claim,NA; no clinical decision or downstream policy evaluated,NI,"pp.1-4 Abstract and Secs.1-2; pp.4-7 Sec.3; pp.7-10 Sec.4, Tables 1-2, Figs.1-2; pp.11-12 Secs.5-6",High
MWM-XD3411F7D18,"CardamomOT: a mechanistic optimal transport-based framework for gene regulatory network inference, trajectory reconstruction and generative modeling",counterfactual,action,uncertainty;causal,none,formal_calibration=no;frozen_external_validation=no;explicit_causal_estimand=no,medium,Action-conditioned simulation: predict cellular trajectories under unseen regulatory perturbations,"The abstract claims prediction of responses to unseen perturbations by modifying inferred regulatory interactions; this is a model-based counterfactual claim, not an identified treatment effect.",No clinical or operational decision-utility evaluation; biological hypothesis generation is proposed,NA: no clinical/physical deployment safety claim or hazard test,"Accessible primary evidence: bioRxiv v2 abstract/version metadata for DOI 10.64898/2026.03.31.715390 and the official eliasventre/CardamomOT README, configs, dataset modules, tests, experimental_datasets, and article-result scripts. Direct v2 PDF/HTML requests returned HTTP 429 on 2026-09-12.",low
MWM-0294,Cardiac Copilot: Automatic Probe Guidance for Echocardiography with World Model,planning,none,action;decision,rollout;uncertainty;safety,formal_calibration=no;frozen_external_validation=no;explicit_causal_estimand=NA;closed_loop_evaluation=offline;safety_hazard_test=no,high,Action-conditioned planning and guidance claims are supported only by offline direct prediction,World-model and planning language; no causal clinical-effect claim,"Offline guidance error and 59.4 ms inference; no user, robot closed-loop or patient outcome",None reported,"pp.1-3 Abstract and Introduction; pp.4-6 Sec. 2 and Fig. 2 for data, state, motion and model; pp.6-8 Sec. 3, Table 1 and Fig. 3 for held-out errors and latency; p.8 Conclusion",High
MWM-X1BBCF32528,"CellPace: A temporal diffusion-forcing framework for simulation, interpolation and forecasting of single-cell dynamics",passive_forecasting,rollout,uncertainty,none,formal_calibration=no;frozen_external_validation=no,routine,"Passive simulation, interpolation, and forecasting of developmental cell-state distributions",Developmental dynamics/forecasting language without intervention-effect claims,"Offline trajectory, spatial, topology, and regulatory fidelity analyses; no experimental decision or intervention evaluation",NA: nonclinical developmental modeling,"bioRxiv v1 Figs. 1-5 and supplements; Methods datasets, deterministic stage splits, generation, and metrics; Software/Data Availability; DOI 10.64898/2026.02.25.707938",high
MWM-X962473BB89,Chreode: A Cell World Model for One-Step Temporal Dynamics and Perturbation Prediction,action_conditioned,none,none,rollout;action;uncertainty,formal_calibration=no,high,"Claims an action-conditioned one-step cell transition and perturbation prediction; evidence directly supports passive temporal population forecasting and transferable dynamics representations, but not a standalone action-conditioned perturbation operator, counterfactual validity, planning, or rollout","Uses intervention and do(a) notation and calls the model action-conditioned, while explicitly stating that the world-model analogy is predictive only and that planning or rollout is not claimed","No clinician, policy, screening, or control decision evaluation; downstream tasks are forecasting, representation, and fate/perturbation prediction","A qualitative dual-use discussion is provided, but no defined biological hazard, severity, failure stress test, constraint, override, or monitoring evaluation is reported","Abstract and pp. 2-7 for claim, model, pretraining corpus, and protocol; Tables 1-4 on pp. 8-9; Scope on pp. 9-10; Appendices A-C and Tables 5-6 on pp. 12-15; uncertainty limitation on p. 16; ablations on pp. 17-18; NeurIPS checklist pp. 19-25",medium
MWM-0046,ChronoMedicalWorld: A Medical World Model for Learning Patient Trajectories from Longitudinal Care Data,counterfactual,rollout;action,none,uncertainty;causal,formal_calibration=no;frozen_external_validation=no;explicit_causal_estimand=no,high,Action-conditioned forecasting with a what-if interface; not a causally identified counterfactual model,Uses counterfactual intervention and what-if language while explicitly stating it is not a causal estimator,Hypothetical digital-twin and decision-support use only; no clinician or policy-impact study,"Physiology priors, jump penalty, and clipping; no clinical-hazard or subgroup-safety evaluation","Abstract p.1; Sec. 2.4 pp.3-4, including non-causal qualification; Sec. 3 and Fig. 1 pp.4-6; Sec. 4 and Tables 1-3 pp.6-8; Sec. 5 and Tables 4-5 pp.8-9; Secs. 6.2 and 6.4 p.10",high
MWM-XC0A20D0271,Clin-JEPA: A Multi-Phase Co-Training Framework for Joint-Embedding Predictive Pretraining on EHR Patient Trajectories,action_conditioned,rollout,action,uncertainty,formal_calibration=no;frozen_external_validation=no,medium,"Action-conditioned latent patient-trajectory forecasting/simulation and reusable risk representation; no causal alternative-treatment, counterfactual, or planning evidence","Describes a patient-state simulator conditioned on a proposed action sequence, but does not use causal, treatment-effect, counterfactual, or policy-value claims","Offline shallow-probe utility on seven early-event and eight stay-level risk tasks; no clinician workflow, treatment policy, or prospective decision evaluation","No clinical hazard definition, harmful-recommendation analysis, subgroup worst-case safety test, override, or monitoring evaluation","Abstract and pp. 2-6 for claims, state/action encoding, transition, and curriculum; Fig. 2 and Sec. 5.2 pp. 6-7 for 48-hour rollout; Fig. 3 pp. 8-9 for state geometry; Fig. 4 and Sec. 5.4 p. 9; Appendices A-D pp. 13-18 for features, hyperparameters, ablations, and confidence intervals",high
MWM-XA5A2F4844E,Control of Magnetic Surgical Robots With Model-Based Simulators and Reinforcement Learning.,planning,decision,rollout;action;safety,uncertainty,formal_calibration=no;frozen_external_validation=no;explicit_causal_estimand=NA,high,Planning — policy selects sequential coil commands using learned-model rollouts.,NA: control performance is not framed as an identified causal treatment effect,Real-hardware RMS error is approximately 5.3-7.4 mm for model-based agents versus about 31 mm for the pure-physics-simulator agent on reported tasks,"Coil overheating/cooling, magnetic dead zones, zero-current avoidance, workspace resets, and supervision are described; no biological safety or formal hazard stress test","IEEE TMRB full text, DOI 10.1109/TMRB.2022.3214426: Secs. II-B-II-D on data, model, and TD3; Sec. III and Figs. 4-7 on model loss and real-robot transfer; hardware safety descriptions.",high
MWM-S004,Cosmos-H-Surgical: Learning Surgical Robot Policies from Videos via World Modeling,planning,none,action;uncertainty;decision;safety,rollout,formal_calibration=no;frozen_external_validation=no;explicit_causal_estimand=NA;closed_loop_evaluation=offline,high,Video world modeling for surgical-policy data augmentation; evidence does not establish an action-conditioned physical simulator or closed-loop planning,No causal-effect claim,Reduced offline action-prediction MSE; no quantified closed-loop task success or physical execution,"Expert anatomical/tool-consistency review and successful-demo-only data; no failure, hazard, or adverse-event evaluation","Abstract and artifact links p.1; Sec. 3 pp.4-5; Sec. 4, Tables 1-2, and Figs. 4-8 pp.5-9; Conclusion p.8; Supplement pp.12-15",high
MWM-0054,CrossScope: A Role-Asymmetric World Model for Joint Dual-Scope Surgical Video Prediction,action_conditioned,action,none,rollout;uncertainty,formal_calibration=no;frozen_external_validation=no,high,"action-conditioned proxy, joint short-horizon dual-view video forecasting",Does not make an identified causal treatment claim; trajectory conditioning is a visual proxy,"Geometric and video fidelity only; no downstream navigation policy, clinician study, or procedural outcome","Ethics and de-identification are described; no hazard, harmful-output, physical constraint, override, or monitoring evaluation","Benchmark overview, p. 2: paired data and counts; Methods, pp. 3-5: latent streams, routing, trajectory proxy, and horizon; Tables 1-2 and Fig. 6, pp. 5-7: baselines and fidelity; Appendix Tables 4-10, pp. 11-15: geometry metrics, controls, seeds, and implementation; Appendix p. 15: traces are independent windows",high
MWM-XD7F5DAFF27,DITTO: A Visual Digital Twin for Interventions and Temporal Treatment Outcomes in Head and Neck Cancer.,planning,decision,rollout;action;uncertainty;safety,none,formal_calibration=no;frozen_external_validation=no;explicit_causal_estimand=no;closed_loop_evaluation=offline;safety_hazard_test=no,high,Planning: compare and select sequential treatment plans using learned digital-twin outcomes,The title and system use intervention/counterfactual language; propensity matching supports comparison but does not identify individual treatment effects,"Participatory design included three oncologists, formative work with 11 physicians, and two clinician-centered qualitative case studies; no prospective clinical decision trial was performed.","Visual uncertainty, multiple model views and design for healthy skepticism are discussed; no explicit harmful-recommendation or recovery test","Accepted author manuscript arXiv:2407.13107, Sections 3-5, Figs. 5-8, quantitative tables, and Appendix A.2. Main text reports n=526, while Appendix A.2 reports n=536=389+147; both values are retained as an unresolved publication inconsistency.",high
MWM-XFA677C184B,DRIFT: Direct-Recursive Intervention-Conditioned Forecasting of ICU Physiological Trajectories,action_conditioned,rollout;action,none,uncertainty,formal_calibration=no;frozen_external_validation=no,medium,"Action-conditioned factual forecasting; the paper explicitly rejects causal treatment-effect, counterfactual, policy, action-generation, and recommendation interpretations","Explicitly states that actions are predictive covariates, DRIFT estimates neither a policy nor counterfactual outcomes, replacement audits input dependence, and results do not establish causal effects or clinical benefit","No clinician, treatment-policy, recommendation, or prospective workflow evaluation; utility is forecasting accuracy and input-dependence auditing",No clinical hazard/severity framework or intervention-safety test; exploratory subgroup reversals are descriptive and not a safety evaluation,"Main text pp. 1-7 for claim boundary, model, datasets, replacement audit, results, and limitations; Tables 1-4 pp. 6-7; Appendices B-C pp. 10-20 for cohort, preprocessing, losses, seeds, and checkpoint robustness; Appendix D pp. 21-24 for action audits; Appendices F-H pp. 25-34 for rollout diagnostics, code status, and eICU replication",high
MWM-0369,Data-Efficient Reinforcement Learning for Malaria Control,planning,decision,rollout;action;uncertainty,safety,formal_calibration=no;frozen_external_validation=no;explicit_causal_estimand=NA;safety_hazard_test=no,high,closed-loop planning for malaria-control policy in simulation,No observational causal-effect claim; dynamics and rewards are defined by the simulator,Simulated malaria-control policy reward only; no policymaker study or field deployment,"Economic cost-effectiveness enters the simulator reward; no clinical hazard, equity, override, monitoring, or simulator-exploitation analysis","Problem and method, pp. 1-4: MDP, state/action, GP transition, uncertainty bonus, and search; Theorem, pp. 4-5: sample complexity; Experiments, Table 1 and Fig. 4, pp. 5-6: simulators, baselines, 20-trial budget, and 10-run results",high
MWM-X2BD39C3B8E,Deep Generative Model of Macrophage Immune Response for Hepato-intestinal Tumor Therapy Optimization.,planning,decision;safety,rollout;action;uncertainty,none,formal_calibration=no;explicit_causal_estimand=no,medium,planning,"Causal-transformer/optimization terminology but explicit statement that learned relations are associations, not formal causation","Nonrandomized physician use in 156 discordant cases: ORR 47.4% vs 28.2%, median PFS 9.8 vs 6.0 months; selection bias acknowledged","Toxicity is an optimization objective; grade 3-4 adverse events and discontinuation were compared in 156 discordant cases, without randomized safety confirmation or an override/recovery test","Primary journal PDF Figs. 1-4; cohort/completeness and temporal holdout Methods; TDM, MPC/CEM, training and evaluation Methods; trajectory Results; Table 4; deployment, limitations, and Reproducibility sections",high
MWM-X872C154484,Development of a model-based clinical trial simulation platform to optimize the design of clinical trials for Duchenne muscular dystrophy.,counterfactual,rollout;action,uncertainty,causal,formal_calibration=no;explicit_causal_estimand=no,medium,Counterfactual — placebo/historical-control versus hypothetical active treatment trial simulation.,Uses hypothetical treatment-effect and trial-simulation language; it does not identify a causal effect from observed treatment assignment,"Trial-design platform for endpoint, enrichment, duration, placebo/historical-control, and treatment-effect scenarios; no prospective decision-impact study.","NI/negative: treatment toxicity, adverse events, and safety hazards are not represented","Clinical and Translational Science full text, DOI 10.1002/psp4.12753: cohort/model-development Methods; internal and external VPC Results; trial-simulation platform description; Appendix S5 model code.",high
MWM-X1305C7353F,Digital twin brain simulator for real-time consciousness monitoring and virtual intervention using primate electrocorticogram data,action_conditioned,rollout;action,uncertainty,none,formal_calibration=no;frozen_external_validation=no,routine,"Action-conditioned simulation: generate ECoG after global, network-level or regional latent intervention",Virtual intervention and digital-twin language is used without an identified causal treatment effect,No clinical decision outcome; virtual intervention localizes networks and tests mechanistic hypotheses,"No physiological hazard, dose limit, failure recovery or real intervention safety evaluation","npj Digital Medicine PMCID PMC11811282: Methods on ECoG data, hierarchical V-RNN, data assimilation, and virtual intervention; Figs. 2-5, Table 1, supplementary 1-100-step prediction results, and 2,000-step intervention; Data Availability; h-idei/pvrnn_sa repository checked.",high
MWM-XF38CEA9063,Digital twin models for predicting venetoclax and azacitidine-induced neutropenia in patients with acute myeloid leukemia.,action_conditioned,rollout,action;uncertainty,none,formal_calibration=no;frozen_external_validation=no,medium,action_conditioned,Mechanistic drug-effect/simulation language without treatment-effect identification claim,Retrospective toxicity forecasting and proposed schedule design; no clinician comparison/prospective use,Neutropenia is explicit life-threatening toxicity target; no deployed alert/override or prospective safety endpoint,"Primary article Figs. 1-3 and Table 2; Model fitting and continuous updating Results; Methods patient selection, multi-cycle learning, interpolation, and statistics; Data/Code availability",high
MWM-0068,DreamReg: Belief-Driven World Model for 2D-3D Ultrasound Registration,planning,decision,rollout;action,uncertainty;safety,formal_calibration=no;frozen_external_validation=no;explicit_causal_estimand=NA;safety_hazard_test=no,high,"Closed-loop iterative registration is demonstrated in simulated slice rendering, not live ultrasound navigation",Action-observation coupling and imagination language; no treatment-causal claim,"Registration accuracy and 40-56 FPS runtime; no clinician, robot or patient study","No hazard analysis, safe-action constraints, fallback or override evaluation","p.1 Abstract; pp.3-6 Sec. 2 and Figs. 1-2 for state, actions and dynamics; pp.6-8 Sec. 3 and Tables 1-2 for datasets, horizons, metrics and ablations; p.9 Conclusion",High
MWM-0073,ECG-WM: A Physiology-Informed ECG World Model for Clinical Intervention Simulation,counterfactual,rollout,action;uncertainty;causal,none,formal_calibration=no;explicit_causal_estimand=no,medium,Counterfactual drug-response simulation and risk-aware treatment ranking,Uses closed-loop counterfactual simulation and personalized treatment language,Comparative intervention ranking against risk proxy and reported expert-informed preferences; no prospective clinical decision study,"Physiological ODE constraint, hallucination/error audits, missing-lead tests, and graceful-degradation stress test","pp.1-5 Abstract, Secs.1-4, Figs.1-2; pp.6-9 Sec.5, Tables 1-4; pp.9-10 Sec.6; pp.13-19 Apps.A-B, Figs.3-9, Tables 5-8",High
MWM-0074,EHRWorld: A Patient-Centric Medical World Model for Long-Horizon Clinical Trajectories,counterfactual,rollout,none,action;uncertainty;causal,formal_calibration=no;frozen_external_validation=no;explicit_causal_estimand=no,high,Action-conditioned clinical trajectory simulation; causal and counterfactual wording is not supported by causal identification,Describes causal sequential and causally grounded simulation and mentions counterfactual futures,"No downstream treatment optimization, clinician study, or prospective decision-utility test",Ethics section notes observational bias and need for human oversight; no operational safety test,"Abstract pp.1-2; Sec. 3 and Fig. 2 pp.3-4; Sec. 4 pp.4-5 and Algorithm 1 p.13; Sec. 5 pp.5-8, Tables 1-2, and Fig. 3; Limitations and Ethics p.9; Appendices A and C pp.11-14",high
MWM-0242,EchoWorld: Learning Motion-Aware World Models for Echocardiography Probe Guidance,action_conditioned,action,none,rollout;uncertainty,formal_calibration=no;frozen_external_validation=no,high,Claims action-conditioned simulation and guidance; evidence supports pairwise feature prediction and offline imitation on held-out scans,"Simulates visual changes under motion, without a causal clinical-effect claim","Offline probe-guidance errors and runtime; no novice, robot closed-loop or patient study",None reported,"p.1 Abstract; pp.3-6 Secs. 3-4 and Fig. 4 for collection, state, motion and objectives; pp.6-8 Sec. 5, Tables 1-3 and Figs. 7-9 for held-out results and ablations; pp.12-14 supplement A-C for split, planes and training details",High
MWM-0077,EyeWorld: A Generative World Model of Ocular State and Dynamics,counterfactual,none,action,rollout;uncertainty;causal,formal_calibration=no;frozen_external_validation=no;explicit_causal_estimand=no,high,counterfactual comparison and progression forecasting in image space,Uses counterfactual and disease-progression language for prompt-edited images,"The paper proposes follow-up prioritization and disease monitoring, but reports no prospective clinician decision study or patient outcome","A non-diagnostic, human-oversight statement is provided; no harmful-generation test, severity analysis, override protocol, monitoring, or incident response","Data overview, pp. 5-7: sources, scale, splits, and exclusions; Fig. 7, pp. 16-18: longitudinal progression synthesis and metrics; Fig. 8, pp. 19-21: counterfactual prompt edits; Limitations and Methods, pp. 24-31: hallucination caveat, architecture, conditioning, and training",moderate-high; counterfactual interpretation requires careful adjudication
MWM-0078,Failure Detection for Surgical Robot Imitation Policies via Flow-Matching World Modeling,action_conditioned,action;uncertainty,none,rollout,frozen_external_validation=no,medium,Runtime safety-monitor claim is tested offline; evidence supports action-conditioned failure detection on recorded robot episodes,Nominal-consistency language; no causal treatment-effect claim,"Offline detection of failures; no online interruption, recovery or patient-benefit evaluation","Failure modes are detected offline, but no online stop, recovery, override or harm-severity protocol is evaluated","p.1 Abstract; p.2 Fig. 1; pp.3-4 Sec. III for states, actions and flow model; pp.4-6 Sec. IV and Table I for tasks, calibration and counts; p.7 Figs. 5-6 for action and horizon ablations; p.8 Limitations",High
MWM-0094,Future Querying: Can LLMs Serve as Implicit Medical World Models?,passive_forecasting,none,none,rollout;uncertainty,formal_calibration=no;frozen_external_validation=no,high,"Passive, endpoint-agnostic forecasting; implicit medical world model",Counterfactual treatment simulation is mentioned only as a potential downstream use,Potential care planning/resource allocation stated; not empirically evaluated,NI,"pp.1-4 Abstract and Secs.1-4, Fig.1; pp.5-6 Secs.5.1-5.3, Fig.2; pp.7-8 Secs.5.4-6, Figs.3-4",High
MWM-0095,"GEMEO: the first patient world model for rare disease, grounding generative clinical trajectories in the genome and a biomedical knowledge graph",action_conditioned,uncertainty,rollout;action,none,frozen_external_validation=unclear,medium,Validated for Level-1 prediction and a Level-2 action-association test; Level-3 counterfactual capability is a design target only,Uses counterfactual language for a future Level-3 target; current action test is associative,Research benchmark and proposer-verifier evidence paths; no prospective clinician or decision-impact study,Deterministic evidence paths and research-only oversight language; no recommendation-hazard evaluation,"Abstract p.1; Sec. 2 pp.2-3; Sec. 3 pp.3-6 and Tables 1-3; Sec. 4 p.6; Methods p.7; Limitations, Ethics, and Data statements pp.7-8",medium
MWM-X056BF65776,Generating whole-brain neural activity and behavior through unified latent dynamics,counterfactual,rollout;action,uncertainty,causal,formal_calibration=no;frozen_external_validation=no;explicit_causal_estimand=no,medium,Counterfactual — paper explicitly presents latent interventions/steering as counterfactual manipulation of neural-behavior dynamics.,"Uses digital-twin and counterfactual-intervention language, but does not establish biological causal identification","The model demonstrates simulated steering and hypothesis-generation value, not a clinical or experimental decision-impact study",Robustness and failure behavior under global and localized latent-noise perturbations are examined; no biological or clinical hazard test,"bioRxiv v2 full text, DOI 10.64898/2026.06.05.730482: Results Secs. 2.2-2.5 and Figs. 2-4; Methods Secs. 4.1-4.5; supplementary robustness and intervention analyses.",high
MWM-0103,Intervention-Aware Clinical World Model for Post-Op Outcome Forecasting in Cardiology,action_conditioned,action;uncertainty,none,rollout,frozen_external_validation=no,medium,action-conditioned clinical forecasting,Explicitly states that event associations and input-editing analyses are not causal effects,"Postoperative recurrence and scar forecasting; no prospective treatment decision, clinician-use, or outcome-impact study","No deployment hazard, harmful recommendation, override, escalation, or monitoring evaluation","Methods and Table 1, pp. 3-5: cohort, state, event tokens, outcomes, and sample counts; Preprocessing, p. 5: MRI/ECG handling; Tables 2-4 and Fig. 3, pp. 6-7: baselines, calibration, and ablations; Fig. 4 and Limitations, p. 8: trajectories, edits, and noncausal boundary",high
MWM-X6A64D732FB,Koopman-based linearization of preparatory EEG dynamics in Parkinson's disease during galvanic vestibular stimulation.,planning,rollout,action;decision;safety,uncertainty,formal_calibration=no;frozen_external_validation=no;explicit_causal_estimand=no;safety_hazard_test=no,high,Planning: compute a control sequence to drive PD latent dynamics toward a healthy reference,"The article states that GVS restores healthier EEG patterns and proposes targeted neuromodulation, but the LQR effect is model-based and no explicit treatment-effect estimand is identified.",LQR demonstrates offline neuromodulation-control feasibility only,"Bounded control is a limited constraint proxy; no physiological dose, adverse event or recovery analysis","Frontiers full text PMCID PMC12116581: participants and EEG preprocessing, six-fold subject split, Deep Koopman model, 1-15-step prediction (Fig. 4), LQR methods and controlled/uncontrolled trajectory with bounded inputs (Fig. 8), statistics, and Data/Code Availability.",high
MWM-0261,Learning Emotional Dynamics: A World Model Approach,counterfactual,rollout,none,action;uncertainty;causal,formal_calibration=no;frozen_external_validation=no;explicit_causal_estimand=no,high,Passive emotional-state forecasting; paper also calls conditioning comparison causal,"Claims causal relationships from conditioning comparison, then acknowledges evidence is only suggestive","Mental-health/workplace applications discussed, not evaluated",Broader-impact discussion only; no hazard/abstention metrics,"pp.1,4-8 Abstract and Secs.2.4-4.2; pp.12-19 Secs.4.4-4.8, Tables 2-3, Figs.6-13; pp.22-23 Secs.5.2-6; p.32 code availability",High
MWM-XEA4B3285B2,Learning Temporal Basis Vectors for Closed-Loop Neural Stimulation.,planning,rollout;action;decision,safety,uncertainty,formal_calibration=no;frozen_external_validation=no;explicit_causal_estimand=NA;safety_hazard_test=no,medium,planning,Stimulation-conditioned forecasting/control; no formal treatment-effect claim,Two simulated closed-loop experiments shape activity toward targets; no in-vivo closed loop,Latency and over/under-stimulation errors; no biological injury/adverse-event/recovery hazard test,Corresponding arXiv manuscript Secs. 3.1-3.6 and 4; forecasting/horizon results; two closed-loop simulations; Table 1; Appendix 6.1-6.4 and 6.9; Code/Data availability; EMBC DOI,high
MWM-0125,MRI Contrast Enhancement Kinetics World Model,passive_forecasting,none,none,rollout;uncertainty,formal_calibration=no;frozen_external_validation=no,high,Passive continuous contrast-kinetics simulation,"Simulates contrast-agent kinetics, not alternative treatment effects",Potential contrast-free imaging/risk stratification only; no reader or diagnostic-utility study,Claims reduced contrast-agent exposure; no clinical hazard or failure-severity evaluation,"pp.1-2 Abstract and Sec.1, Figs.1-2; pp.3-5 Sec.3, Fig.3; pp.5-7 Sec.4.1, Table 1; supplementary pp.13-17 qualitative kinetics figures",High
MWM-XC890A9B151,Machine Learning for Mechanical Ventilation Control,planning,rollout;decision;safety,action,uncertainty,formal_calibration=no;frozen_external_validation=no;explicit_causal_estimand=NA,medium,Planning — learned controller selects sequential inspiratory actions using a learned simulator.,NA: engineered control performance is not an identified causal treatment effect,Learned residual-PID controllers outperform the best physical grid-searched PID in reported per-setting and robust six-setting L1 scores,"Software pressure/volume/disconnection/delay checks, hard-coded expiratory control, and a mechanical safety valve with abort behavior.","Author arXiv v4 full text, arXiv:2102.06779: Methods Secs. 3-5 and Figs. 3-9; Sec. 4.1/Fig. 5 recursive prediction; Appendix B and Tables 3-5.",high
MWM-0263,Medical World Model,planning,none,action;uncertainty;decision;safety,rollout,formal_calibration=no;frozen_external_validation=no;closed_loop_evaluation=offline;safety_hazard_test=no,high,Action-conditioned outcome simulation and treatment planning with counterfactual-like comparison,Uses treatment-outcome simulation and optimal-plan language that implies individual treatment effects,Physician-plus-model versus pre-treatment-CT protocol selection and three-radiologist realism assessment,Clinical rules prune toxic combinations; no adverse-event or non-target-embolization outcome validation,"Abstract and Fig. 1 p.1; Sec. 3, Figs. 2-3, and Algorithm 1 pp.3-6; Sec. 4, Tables 1-3, and Figs. 4-7 pp.6-8; Conclusion p.8",high
MWM-X6C3AA8358E,Model-based reinforcement learning for ultrasound-driven autonomous microrobots.,planning,decision;safety,rollout;action,uncertainty,formal_calibration=no;frozen_external_validation=no;explicit_causal_estimand=NA,medium,Closed-loop planning/control: imagined trajectories train a sequential policy that executes ultrasound commands on real microrobots,No medical-treatment counterfactual or causal-effect claim; planning language concerns physical control and expected imagined reward,"Real closed-loop target navigation, obstacle avoidance, upstream movement under flow, and recovery; success-rate and reward comparisons are made against PPO","Physical-platform hazards are explicitly tested or managed through collision penalties and resets, obstacle and flow stress conditions, overshoot and tracking-loss recovery, ultrasound shutdown, wall/drag constraints, and action-reversal rescue; biological injury, tissue damage, acoustic exposure, and in-vivo safety are not evaluated.","Main article pp. 1076-1085 for claims, real control, simulation, transfer, generalization, flow, and discussion; Methods pp. 1085-1088 for state/action/transition and algorithms; Data/Code Availability p. 1088; Extended Data; Supplementary Notes S1-S13, especially S3, S5, S9-S11 for transfer, flow, failures, rescue, generalization, and world-model planning",high
MWM-X21155DF63C,Modelling neural coding in the auditory midbrain with high resolution and accuracy.,action_conditioned,none,action;uncertainty,rollout,formal_calibration=no;frozen_external_validation=no,medium,Action-conditioned simulation: predict task-relevant neural responses under defined acoustic stimuli,No causal or counterfactual treatment language; this is stimulus-response prediction,Frozen ICNet features are evaluated as an ASR front end and against a Mel baseline,NA: no clinical/physical safety claim or hazard test,"Nature Machine Intelligence PMCID PMC12460167: Methods on animals, sounds, architecture, held-out sounds, transfer, and statistics; Results Figs. 1-5 on likelihood/RMSE, Fano factor, explainable variance, speech, forward masking, and adaptation; Data/Code Availability and official ICNet repository with pretrained weights.",high
MWM-X772584A789,Multi-Objective Model-based Reinforcement Learning for Infectious Disease Control,planning,rollout;action;decision,uncertainty,safety,formal_calibration=no;safety_hazard_test=no,medium,planning,Alternative-policy effects are simulated from observational actions and strong epidemiological priors; no causal identification claim is established,Pareto epidemiological/economic policy tradeoffs and recommended actions versus expert/behavior baselines in simulation,"Epidemiological and economic costs are optimization objectives; no separate clinical hazard, subgroup, override, or failure-recovery protocol","arXiv v3 Secs. 2-5; Algorithms 1-3; Figs. 3-6; Table 1; Appendix C.1-C.4, especially leave-one-city-out validation",high
MWM-0136,NVIDIA Cosmos-H-Dreams: Real-Time Generative Physics Simulation for Surgical Robotics,action_conditioned,rollout,action,uncertainty,formal_calibration=no;frozen_external_validation=no,medium,Interactive closed-loop simulator and policy-evaluation claims are partially supported by long video rollouts and retrospective sim-to-real policy ranking,"Uses synthetic, counterfactual and physics-simulation language without a causal estimand","Closed-loop policy ranking has moderate aggregate correlation of 0.696, with negative correlations for handover and knot-tying tasks","Physical-feasibility video classifier and hallucination analysis are reported; no formal hazard, override or fallback protocol","p.1 Abstract and access links; pp.3-5 Secs. 1-3 for corpus and model; pp.6-8 Sec. 4 for distillation and rollout regime; pp.9-12 Secs. 5-6, Tables 1-4 and Figs. 3-5 for video fidelity, drift and sim-to-real ranking; p.14 Limitations",High; physics and interactivity claims need claim-level adjudication
MWM-0132,NeuroWorld: A Latent Brain World Model for Stimulus-Conditioned Human Brain Dynamics,passive_forecasting,rollout,none,uncertainty,formal_calibration=no;frozen_external_validation=no,medium,"Passive stimulus-conditioned forecasting, not causal intervention or counterfactual simulation","Causal denotes past-only attention, not causal-effect identification",Neuroscience simulation and interpretability only; no clinical decision utility,NA,"Abstract p.1; Sec. III and Fig. 3 pp.3-5; Sec. IV, Tables I-III pp.5-8; Discussion pp.9-10",high
MWM-0135,Nonstationary Battery,planning,rollout;decision,action,uncertainty;safety,formal_calibration=no;frozen_external_validation=no;explicit_causal_estimand=NA;safety_hazard_test=no,high,closed-loop planning under nonstationarity,Does not claim an identified clinical causal effect; evaluates policy behavior in defined simulators,"Simulated policy reward, success, or recovery only",NA for clinical deployment; simulator failure costs are implicit rather than analyzed as safety hazards,"Zenodo draft Abstract and Sec. 1: battery definitions, state, actions, and shifts; Sec. 2 and Tables B1-B3: outcomes and seed counts; Sec. 4: caveats including unequal information access; Zenodo Files/Status: Markdown-only draft and absent code/results attachments",moderate-low; experimental artifacts and comparator fairness require careful adjudication
MWM-XBAD327876F,OMG-RL:Offline Model-based Guided Reward Learning for Heparin Treatment,planning,none,rollout;action;uncertainty;decision;safety,none,formal_calibration=no;frozen_external_validation=no;closed_loop_evaluation=offline;safety_hazard_test=no,high,Planning — optimizes a sequential heparin dosing policy through learned-model rollouts.,"The paper claims improved policy value relative to clinician/model baselines, but causal identification remains partial and relies on offline policy evaluation assumptions",Offline policy value via weighted importance sampling and simulated 36-hour therapeutic-success episodes; no prospective or clinician-in-the-loop evaluation,"aPTT therapeutic range is a limited safety proxy; bleeding, thrombosis, overdose severity, contraindications, and override/failure tests are NI",Author arXiv v2 manuscript matching DOI 10.1016/j.bea.2025.100198: Methods and Algorithms 1-2; experimental setup; Results Figs. 2-8; limitations.,medium
MWM-0138,Open-H-Embodiment: A Large-Scale Dataset for Enabling Foundation Models in Medical Robotics,action_conditioned,rollout,action;uncertainty,none,formal_calibration=no;frozen_external_validation=no,medium,"Action-conditioned, multi-embodiment surgical simulation; closed-loop policy utility is broader project motivation rather than a C-H-S-S result",No causal-effect claim; predicts physical visual consequences under recorded actions,In-silico evaluation and synthetic-data/policy research; no validated human-surgery decision utility,"Limitations analyze failures, unexpected events, and absence of live tissue; no formal simulator-hazard evaluation",Abstract pp.1-2; Results pp.7-9 and Table 1; C-H-S-S pp.18-22 and Fig. 7; Methods pp.25-29; Data Availability p.36,high
MWM-XB062A5A9FB,Optimized glycemic control of type 2 diabetes with reinforcement learning: a proof-of-concept trial.,planning,decision;safety,rollout;action;uncertainty,none,formal_calibration=no;explicit_causal_estimand=no,medium,Planning: optimize sequential insulin regimen through model rollouts,"The study uses optimized-control, off-policy, and proof-of-concept efficacy language; retrospective policy learning remains observational and the clinical trial is small and single-arm.","Offline WIS, blinded physician comparisons, prospective workflow deployment and a 16-patient proof-of-concept trial","Hypoglycemia, severe hypoglycemia, severe hyperglycemia/ketosis, physician override, and prospective monitoring are explicit; no severe hypoglycemia or hyperglycemia with ketosis occurred in the 16-patient trial.","Nature Medicine PMCID PMC10579102: Fig. 1 model/deployment design; Figs. 2-4 and Extended Data for K=7 internal/external evaluation; Methods on data, model-based RL, prospective deployment, trial, safety, and statistics; Data/Code Availability, RL-DITR repository, Zenodo record 8198049, and NCT05409391.",high
MWM-0149,Policy4OOD: A Knowledge-Guided World Model for Policy Intervention Simulation against the Opioid Overdose Crisis,planning,action,rollout;decision,uncertainty;safety,formal_calibration=no;safety_hazard_test=no,high,counterfactual comparison and closed-loop policy planning,Uses counterfactual and policy-intervention language but explicitly states the forecasts should not be interpreted as causal effects,"Model-based policy search and Tennessee/Virginia case studies; no policymaker study, prospective decision, or observed outcome after deployment","Candidate actions are limited to a policy pool, but no harm taxonomy, equity/subgroup worst case, override, monitoring, or incident analysis is reported","Dataset and Table 1, pp. 3-4: state/time scale, policy graph, and OOD setup; Method, pp. 5-7: transition and MCTS; Setup and Tables 2-3, pp. 7-8: baselines and horizon errors; Figs. 4-5, pp. 9-10: counterfactual and planning cases plus noncausal caveat",high for extraction; causal framing and state-count inconsistency require careful adjudication
MWM-X7FD0DBDE79,Predictive modeling of hemodynamics during viscerosensory neurostimulation via neural computation mechanism in the brainstem.,planning,rollout;action;decision,safety,uncertainty,formal_calibration=no;frozen_external_validation=no;explicit_causal_estimand=NA,medium,planning,Biophysical stimulus-response mechanism language; no clinical causal estimand,In-silico NMPC reaches target and sustains ~10 mmHg reduction versus open loop; no in-vivo/clinical test,"Bounded stimulation input and stable-versus-unstable target failure testing; no in-vivo adverse-event, excessive-reduction severity, override, or recovery evaluation",Primary article Figs. 1-7; H-BIND prediction and k-fold Methods; NMPC Methods and Supplementary Fig. 14 stable/unstable targets; statistics; Data/Code availability,high
MWM-0151,Progressive Experience Fusion for Multi-Task World Model Control in Endovascular Navigation,planning,decision,rollout;action;uncertainty;safety,none,formal_calibration=no;frozen_external_validation=no;explicit_causal_estimand=NA,high,"Closed-loop autonomous navigation is demonstrated on phantoms, not in patients",No material causal treatment-effect language,"Navigation success, path efficiency and time; no clinical procedure or patient outcome","Action bounds, feasibility constraints, timeouts and failure completion are included; collision harm, override and severity are not evaluated","pp.1-3 Abstract and Sec. II-B for tasks and datasets; pp.3-7 Secs. II-C-II-F and Figs. 1-5 for state, action, dynamics and PEF; pp.7-10 Sec. II-G and Tables I-IV for held-out and physical results; pp.10-11 Discussion and limitations",High
MWM-0157,SAW: Toward a Surgical Action World Model via Controllable and Scalable Video Generation,action_conditioned,action,none,rollout;uncertainty,formal_calibration=no;frozen_external_validation=no,high,"Controllable action-video synthesis, not planning or counterfactual clinical simulation",No causal-effect claim,Rare-action augmentation and qualitative simulator rendering; no measured clinician or robot decision impact,"Depth consistency targets geometry; no collision, harm, or physical-safety test",Abstract p.1; Sec. 2 and Fig. 1 pp.2-4; Sec. 3 and Tables 1-2 pp.4-6; Sec. 4 and Table 3 pp.6-9; Conclusion p.10,medium-high
MWM-0177,SWoMo: Neuro-Symbolic World Model for Cataract Surgery Simulation,action_conditioned,none,rollout;action,uncertainty,formal_calibration=no;frozen_external_validation=no,medium,Action-conditioned interactive surgical simulation,No causal-effect claim,"Data augmentation for phase recognition; no trainee, clinician, or robot decision-impact evaluation","Rule simulator supplies physical structure, but no constraint-violation or hazard test",Abstract p.1; Sec. 2 and Fig. 2 pp.3-6; Sec. 3 and Tables 1-2 pp.6-8; Conclusion p.9,high
MWM-XC71FC75483,SimulAD: a dynamical model for personalized simulation and disease staging in Alzheimer's disease.,counterfactual,none,rollout;uncertainty,action;causal,formal_calibration=no;frozen_external_validation=no;explicit_causal_estimand=no,high,Passive forecasting/disease staging in the present experiments; the paper additionally repeats a counterfactual anti-amyloid capability claim from prior work.,"Disease-progression language is mechanistic, but this article does not estimate a causal treatment effect","Potential utility is individualized disease staging, prognosis, and trial enrichment; no prospective clinical decision-impact study is performed",No safety or harmful-decision evaluation.,"Author-hosted final article PDF, DOI 10.1016/j.neurobiolaging.2021.12.015: Methods Secs. 2.1-2.6 and Tables 1-2; Results Figs. 3-6 and Table 4; Discussion/Conclusion.",high
MWM-0164,Simulating clinical interventions with a generative multimodal model of human physiology,counterfactual,action,uncertainty;causal,rollout,formal_calibration=no,medium,counterfactual comparison framed as intervention simulation and clinical digital twins,Uses intervention simulation and clinical digital-twin language while explicitly stating that observational associations do not establish causal effects,"Risk prediction and simulated intervention response; no prospective clinician decision, treatment selection, or patient-outcome trial","Treatment-naive eligibility and physiological bounds for synthetic populations are described; no harmful-recommendation testing, uncertainty fallback, human override, monitoring, or deployment incident plan","Abstract and pp. 2-4: claims, cohorts, and model scope; Figs. 2-4, pp. 6-12: multimodal and external predictive evaluation; Figs. 5-6, pp. 14-20: intervention and randomized-trial comparisons; Methods, pp. 28-33: cohort, split, missingness, token state, and model; pp. 42-49: intervention framework and statistics; Data/Code Availability, p. 50: repository placeholder",high for extraction; digital-twin and intervention claims require careful causal adjudication
MWM-XB6F8EC5868,Simulating the outcome of amyloid treatments in Alzheimer's disease from imaging and clinical data.,counterfactual,action,rollout;uncertainty;causal,none,formal_calibration=no;frozen_external_validation=no,medium,Counterfactual: compare placebo/natural progression with alternative amyloid-lowering timing and dose scenarios,"Authors state the model may be interpreted causally if the data capture the disease history, then explicitly caution that unmodeled mechanisms may drive amyloid","Simulated clinical endpoints and power curves inform trial timing, dose and sample-size design","No adverse-effect, toxicity, subgroup worst-case or treatment-hazard model","Brain Communications PMCID PMC8168944: cohort and preprocessing, four-component latent ODE/Gaussian observation model, intervention simulation and statistics, Figs. 3-7 and Table 2, Discussion causal caveat, Data Availability; the linked supplementary PDF could not be retrieved during adjudication.",medium
MWM-0166,Sonata: A Hybrid World Model for Inertial Kinematics under Clinical Data Scarcity,passive_forecasting,none,none,rollout;uncertainty,formal_calibration=no,high,Evidence supports passive one-step forecasting and representation learning; action-conditioned or counterfactual world-model claims are not operationalized,"Progression, actionable-state and counterfactual language is speculative because no action is modeled",Frozen-probe discrimination and fall-risk prediction only; no prospective intervention or deployment outcome,"On-device privacy is discussed, but no safety or clinical-risk evaluation is performed","pp.1-5 Abstract, Secs. 1-3 and Table 1 for corpus and claims; pp.5-8 Sec. 4 and Algorithm 1 for objective; pp.8-12 Secs. 5-6 and Tables 2-4 for probes and ablations; pp.12-13 limitations; pp.16-18 Appendix A and Table 5 for dataset-specific splits",High; adjudicate the unsupported action-conditioned world-model wording
MWM-X9C071A2447,Structure-aware World Model for Probe Guidance via Large-scale Self-supervised Pre-train,action_conditioned,action,none,rollout;uncertainty,formal_calibration=no;frozen_external_validation=no,high,action_conditioned,Spatial prediction/guidance without causal treatment claim,"Offline guidance error; no novice-sonographer, robotic execution, or clinical acquisition endpoint","NI: no contact-force, unsafe-motion, anatomy-risk, or recovery evaluation",Primary arXiv v2 Sec. 2.2 and Fig. 2; Sec. 3.1; Table 1; Fig. 4 ablations; Conclusion,high
MWM-0170,Surg-UniWorld: A Unified Surgical World Model with Multimodal Control Experts,action_conditioned,action,none,rollout;uncertainty,formal_calibration=no;frozen_external_validation=no,high,Controllable action-conditioned surgical video simulation,No causal treatment claim,Data augmentation/simulation motivation only; no policy-learning or surgeon task utility,NI; no physical failure or harmful-action evaluation,"pp.1-3 Abstract and Secs.I-III, Table I, Fig.2; pp.3-7 Sec.IV-V.A, Figs.3-4, Table II; pp.8-10 Sec.V.B-D and Sec.VI, Tables III-V, Figs.5-8",High
MWM-0174,SurgVista: Long-Horizon Surgical World Modeling with Plausible Instrument-Tissue Dynamics,action_conditioned,rollout,action,uncertainty,formal_calibration=no;frozen_external_validation=unclear,medium,long-horizon action-conditioned surgical video simulation,No identified causal clinical claim; trajectory control changes generated video,"Simulator video fidelity only; no downstream control policy, surgeon study, or procedural outcome","Motivated as reducing patient exploration, but no hazard, force/contact constraint, harmful-rollout, override, or monitoring evaluation is reported","Introduction/formulation, pp. 1-3: long-horizon claim, state, action, and chaining; Methods, pp. 4-6: control and drift modules; Benchmark/setup, pp. 6-7: sources, clips, and horizon; Tables 1-5, pp. 8-9: baselines, component fidelity, long-rollout results, and ablations",high for reported results; split and reproducibility fields require careful adjudication
MWM-0175,SurgWMBench: A Vision-Based Benchmark for World-Modeling Surgical Instrument Motion Planning,planning,rollout,none,action;uncertainty;decision;safety,formal_calibration=no;frozen_external_validation=no;explicit_causal_estimand=NA;closed_loop_evaluation=no;safety_hazard_test=no,high,A benchmark for planning-oriented surgical dynamics is supported; it is not an evaluated closed-loop planner,"Uses consequence and planning language, but trajectories are observational and not interventions","Benchmark prediction metrics only; no robot action, clinician decision or patient outcome","Safety motivation is stated, but no hazard, override or harm evaluation is performed","pp.1-4 Abstract and Introduction; pp.4-5 Sec. 3 and Fig. 2 for data and annotation; pp.7-9 Sec. 4, Tables 1-2 and Fig. 3 for baselines and metrics; pp.12-15 Appendix A.2, A.5 and A.6 and Table 3 for splits, filtering and rollout perturbations",High; final-release status and action terminology need adjudication
MWM-S006,Surgical Procedural Planning as 3D World Modelling: Towards Automated Pulmonary Resection,planning,none,action;decision;safety,rollout;uncertainty,formal_calibration=no;frozen_external_validation=no;explicit_causal_estimand=no;closed_loop_evaluation=offline,high,"Claims closed-loop causal and consequence-aware executable planning; evidence is retrospective plan matching and generated target masks, and the paper states that post-resection anatomy is not simulated","Explicit causal, consequence and counterfactual planning language",Retrospective plan agreement plus Likert face-validity ratings from two surgeons on ten cases; no prospective execution or patient outcome,"Explicit accessibility and risk rules and safety-module ablation; no validation against patient harm, live execution, override or recovery","p.1 Abstract; pp.2-5 Sec. 3 and Figs. 2-4 for data, action masks and planner; p.5 explicitly states post-resection anatomy is not simulated; pp.5-6 Secs. 4.1-4.2 for split and metrics; pp.6-8 Tables 1-3 and Figs. 5-6 for baselines and ablations; p.8 user study and conclusion",High; causal world-model and current-release claims need especially careful adjudication
MWM-S005,Surgical Vision World Model,action_conditioned,rollout,action,uncertainty,formal_calibration=no;frozen_external_validation=no,medium,action-controllable surgical video simulation,No clinical causal claim; latent code is described as a controllable action representation,"Generated-video fidelity only; no downstream robot policy, surgeon evaluation, or procedural outcome",None reported,"Methods and data, pp. 3-5: VQ-VAE tokens, latent actions, dynamics, dataset, and Table 1 settings; Results, pp. 6-8: Figs. 2-3, Table 2, horizons, fidelity, and inferred-versus-random action test; Conclusion, p. 9: claim boundary",high
MWM-0173,Surgical WAM: A World-Action Model for Data-Efficient Surgical Robot Learning,planning,decision,rollout;action,uncertainty;safety,formal_calibration=no;frozen_external_validation=no;explicit_causal_estimand=NA;safety_hazard_test=no,high,Closed-loop surgical robot planning and control,No causal-effect claim,Simulated surgical task success only,"No formal collision, hazard, or constraint evaluation; quantitative tests are simulation-only","Abstract pp.1-2; Sec. 3 and Fig. 2 pp.4-5; Sec. 4, Tables 1-3, and Fig. 3 pp.5-8; Conclusion pp.7-8",high
MWM-XCC1C1352D9,The Coupled Stochastic Dynamical System: A Generative Model for Simulating and Forecasting Youth Mental Health Trajectories,counterfactual,rollout;uncertainty,none,action;causal,frozen_external_validation=no;explicit_causal_estimand=no,high,"Counterfactual: the architecture claims intervention simulation, although demonstrated empirical capability is passive forecasting","Uses counterfactual and intervention-process language, but current data do not identify an intervention effect","Forecasting and early-warning capability could support monitoring, but no clinician decision, intervention selection, or prospective outcome improvement is tested",Low-burden structural targets for unmeasured mania/OCD/psychosis and a relaxed suicidality constraint are included; hazardous-transition calibration and clinical safety validation are absent,"medRxiv v1 full text, DOI 10.64898/2026.07.26.26358943: Methods Secs. 2.1-2.7; Results Tables 3-4 and Figs. 3-5; Discussion; Data availability.",high
MWM-0199,Toward Safe Autonomous Robotic Endovascular Interventions using World Models,planning,decision;safety,rollout;action,uncertainty,formal_calibration=no;frozen_external_validation=no;explicit_causal_estimand=NA,medium,closed-loop planning for autonomous endovascular navigation,No population treatment-effect or patient counterfactual claim; world-model planning is evaluated as robotic control,Autonomous navigation success and efficiency in simulation and 25 physical trials,"Tip force is compared with a 1.5 N threshold; tip speed and failure categories are reported; human override, uncertainty fallback, monitoring, and deployment incident response are not evaluated","Methods and data, pp. 2-4: CTA anatomies, state/action, TD-MPC2, split, and training; Tables I-II, p. 5: simulation and in-vitro metrics; Results, pp. 5-6: failures and augmentation; Limitations/Safety, pp. 6-7: force threshold, rigid-vessel limitation, and transfer boundary",high
MWM-0200,Toward World Modeling of Physiological Signals with Chaos-Theoretic Balancing and Latent Dynamics,counterfactual,rollout,action,uncertainty;causal,formal_calibration=no;frozen_external_validation=no;explicit_causal_estimand=no,high,Action-conditioned simulation and counterfactual claims exceed the evidence; results establish observational conditional forecasting across datasets,Uses counterfactual and action-awareness language,"Forecasting quality only; no treatment decision, policy evaluation or patient outcome",None reported,"p.1 Abstract; pp.3-5 Sec. 3 and Table 1 for datasets and model; pp.5-10 Secs. 3.5-4, Figs. 2-3 and Tables 2-3 for rollouts, metrics and action examples; p.10 limitations and reproducibility; pp.13-14 Appendix A and Tables 4-6 for horizons and splits; p.25 Table 10 for statistics",High; adjudicate sample-count discrepancy and counterfactual wording
MWM-X009A6E0F91,Towards Causality-Aware Inferring: A Sequential Discriminative Approach for Medical Diagnosis.,planning,action;decision,rollout;uncertainty;safety,none,formal_calibration=no;frozen_external_validation=no;safety_hazard_test=no,medium,Planning: choose sequential inquiries until an uncertainty-based decision threshold permits diagnosis,"Explicit counterfactual inquiries, potential outcomes, propensity matching, causal diagrams and do-intervention language",Closed-loop benchmark diagnosis against RL baselines plus six-physician patient-simulator evaluation,"Decision threshold, forced maximum stop and possible human intervention are discussed; no explicit misdiagnosis severity or clinical recovery test","Official author manuscript arXiv:2003.06534v5: framework and experiments pp. 1-10, Tables 1-7 and Figs. 7-10, Appendix pp. 11-19 on potential outcomes, overlap, datasets, training, human evaluation, and limitations; official CAMAD repository checked.",high
MWM-X5E3C456867,Towards Surgical World-Action Modeling: A Preliminary Joint Visual-Trajectory Forecasting for Surgical Motion Planning,planning,rollout,decision,action;uncertainty;safety,formal_calibration=no;frozen_external_validation=no;explicit_causal_estimand=NA;closed_loop_evaluation=offline;safety_hazard_test=no,high,"Uses world-action and surgical motion-planning language, but the demonstrated capability is passive joint forecasting of observed visual evolution and expert instrument motion; no action-conditioned simulator, action selection, or closed-loop planner is evaluated",No causal or counterfactual language; planning relevance is inferred from forecasting observed instrument trajectories and visual consequences,"Offline trajectory/visual forecasting is an action-planning proxy only; no robot execution, closed-loop task utility, clinician evaluation, or policy comparison","The paper notes that implausible states could be unsafe, but no explicit hazard, constraint violation, failure recovery, subgroup worst-case, or physical safety test is performed","Abstract and pp. 2-6 for claim, state/action boundary, architecture, and free-running rollout; Sec. 3 pp. 6-8 and Table 1 for dataset, implementation, and segment metrics; Fig. 2 and conclusion pp. 8-9 for qualitative degradation and limitations",medium
MWM-S003,Treatment-aware Diffusion Probabilistic Model for Longitudinal MRI Generation and Diffuse Glioma Growth Prediction,counterfactual,action,uncertainty,rollout;causal,formal_calibration=no;explicit_causal_estimand=no,high,Treatment-aware future MRI/tumor-growth forecasting; supports treatment planning,Predicts how tumor will look for different treatment plans and treatment responses,Potential scan/treatment planning discussed; no clinician-reader or outcome-utility study,NI,"pp.1-2 Abstract and Sec.I; pp.5-6 Secs.III-IV.A-B; pp.6-10 Sec.IV.C, Tables I-III, Figs.3-10; pp.12-13 Limitations and Sec.V",High
MWM-X2E0B832A46,Type 1 diabetes prevention clinical trial simulator: Case reports of model-informed drug development tool.,counterfactual,action,rollout;uncertainty,causal,formal_calibration=no;frozen_external_validation=unclear;explicit_causal_estimand=no,medium,Counterfactual/what-if clinical-trial simulation under user-imposed treatment effects; not an identified treatment effect,"Assumed effect/what-if language; effect user-imposed, not causal estimate","Offline simulated go/no-go and trial-design decisions for eligibility, sample size, and duration; no prospective decision-outcome evaluation",Explicitly not a replacement for safety/efficacy trials; no adverse-event/hazard model,Primary PMC article Introduction and Key Questions; Clinical Trial Design and Power Curve tabs; Case Studies I-II and Figs. 2-4; Impact assessment; DOI 10.1002/psp4.13193,high
MWM-0215,World Model Enhanced Offline Reinforcement Learning for Sequential Intervention Optimization in Acute Kidney Injury,planning,decision,action;uncertainty;safety,rollout,formal_calibration=no;frozen_external_validation=no;closed_loop_evaluation=offline,high,Claims closed-loop planning and clinical decision support through offline policy optimization,Uses treatment optimization and policy-improvement language,"Retrospective FQE, WIS, IQNR, RRT rate, recovery days, and rule-violation estimates; no prospective or clinician validation",Differentiable KDIGO-inspired penalties and reported rule-violation rate; rule validity and clinical harms are not externally assessed,"Abstract p.1; Sec. 3 pp.4-7; Sec. 4, Tables 1-3 pp.7-10; Discussion and Limitations pp.11-12; Data Availability p.13",medium
MWM-0315,World Models for General Surgical Grasping,planning,decision,rollout;action;uncertainty;safety,none,formal_calibration=no;frozen_external_validation=no;explicit_causal_estimand=NA,high,Closed-loop surgical grasping planning/control,No clinical causal claim,Real-robot grasp success: 69% aggregate unseen-object/gripper generality; task-specific performance/robustness,"Workspace clipping and failure termination; disturbances tested; no force, tissue-injury, or hazard-severity metrics","pp.1-4 Abstract and Secs.I-IV, Figs.1-3; pp.8-9 Sec.V, Table III; pp.10-11 Secs.VI-VII, Table IV, Figs.9-10; p.13 Appendix Table V",High
MWM-0290,X-WIN: Building Chest Radiograph World Model via Predictive Sensing,action_conditioned,none,action,rollout;uncertainty,formal_calibration=no;frozen_external_validation=no,high,action-conditioned spatial predictive sensing and representation learning,No causal or patient-counterfactual claim; action is imaging geometry,Downstream disease classification and reconstruction probes; no clinician decision study or outcome impact,NA for treatment safety; no clinical deployment hazard or image-reconstruction misuse analysis,"Architecture and predictive action, pp. 1-4: state, simulated rotation, and transition; Sec. 4 and Tables 1-4, pp. 5-7: datasets, downstream baselines, reconstruction, and action ablations; Table 5, p. 8: few-shot five-seed results",high
MWM-S002,Xray2Xray: World Model from Chest X-rays with Volumetric Context,action_conditioned,none,rollout;action,uncertainty,formal_calibration=no;frozen_external_validation=no,medium,"Supports passive or geometric action-conditioned simulation and representation learning, not clinical planning",Geometric world-model language; rotation is an acquisition action rather than treatment,Downstream diagnosis and cardiovascular-risk AUROC; no clinical decision or outcome study,None reported,"pp.1-5 Abstract, Secs. 1-2 and Fig. 1 for datasets and geometric transition; pp.5-8 Sec. 3, Tables 1-3 and Figs. 2-3 for splits, synthesis and downstream comparisons; pp.8-9 Conclusion",High
MWM-0114,medDreamer: Model-Based Reinforcement Learning with Latent Imagination on Complex EHRs for Clinical Decision Support,planning,decision,rollout;action;uncertainty;safety,none,formal_calibration=no;frozen_external_validation=no;explicit_causal_estimand=no;closed_loop_evaluation=offline;safety_hazard_test=no,high,"Claims counterfactual treatment reasoning and mortality reduction; evidence is offline model-based RL and off-policy evaluation, not a causal clinical effect",Explicit counterfactual-reasoning and optimized-treatment language,Estimated mortality from off-policy evaluation; no prospective treatment assignment or patient outcomes,"Hybrid grounding and clinician-final-control discussion; no deployment hazard, fallback or override test","pp.1-3 Abstract and Introduction; pp.3-8 Sec. 3 for observations, missingness, actions, latent dynamics and imagination; pp.8-13 Sec. 4, Tables 1-2 and Figs. 2-8 for cohorts, OPE, ablations and treatment analyses; pp.18-19 appendices for ethics and feature definitions",High; especially verify split reporting and mortality CI inconsistency
