split,model,horizon_hours,variable,observed_targets,mae,rmse,nmae
external_test,ridge_var,1,HR,423503,4.893065568077271,7.3022636906936,0.2174695808034343
external_test,ridge_var,1,O2Sat,412754,1.3938868959606616,2.3674377689125663,0.39825339884590333
external_test,ridge_var,1,Temp,161448,0.2653933493081904,0.408501147967733,0.28233335032786283
external_test,ridge_var,1,SBP,413721,10.573729142023657,14.45646050513385,0.3646113497249537
external_test,ridge_var,1,MAP,409990,7.4016861892963695,10.716312130496819,0.3895624310155984
external_test,ridge_var,1,DBP,413607,6.328704832067998,9.491203560717253,0.39554405200424986
external_test,ridge_var,1,Resp,380234,2.3243571441980904,3.3880575884294446,0.3320510205997272
external_test,ridge_var,1,BaseExcess,959,2.2028851327478147,3.071129211019855,0.5507212831869537
external_test,ridge_var,1,HCO3,789,1.773675042608311,2.4636492369951446,0.3547350085216622
external_test,ridge_var,1,FiO2,7647,0.13430870206948645,1.0060997551263022,0.8953913471299095
external_test,ridge_var,1,pH,7333,0.051404242088668,0.07193127140760887,0.5711582454296453
external_test,ridge_var,1,PaCO2,7372,5.518689930453406,8.395471709905733,0.6131877700503785
external_test,ridge_var,1,SaO2,6293,2.126629970441934,3.9007248680387603,0.4253259940883868
external_test,ridge_var,1,BUN,22681,5.358972846831863,10.255285643334611,0.3152336968724625
external_test,ridge_var,1,Chloride,2075,2.006846054197521,3.1748826212592047,0.2866922934567887
external_test,ridge_var,1,Creatinine,22698,0.3643638273603162,1.1272132153467669,0.5205197533718803
external_test,ridge_var,1,Glucose,101540,22.344967187703187,36.06979419990522,0.4857601562544171
external_test,ridge_var,1,Magnesium,20120,0.25262080686219357,0.37676545238566717,0.6315520171554837
external_test,ridge_var,1,Phosphate,11857,0.820781517938716,1.1664873963506706,0.5471876786258106
external_test,ridge_var,1,Potassium,30834,0.37763430195814995,0.5748802604014919,0.5394775742259283
external_test,ridge_var,1,Hct,24178,2.8088875552827473,4.030172163014813,0.46047336971848307
external_test,ridge_var,1,Hgb,24523,0.960703928248809,1.4469379986980986,0.4366836037494588
external_test,ridge_var,1,WBC,21636,2.446167078204024,4.436861259307991,0.39454307712968123
external_test,ridge_var,1,Platelets,21956,30.95106278244939,50.371679078452715,0.25792552318707823
external_test,ridge_var,3,HR,392758,6.488135701848006,9.238709899881124,0.28836158674880025
external_test,ridge_var,3,O2Sat,382603,1.6345771290694344,2.591167853078463,0.46702203687698124
external_test,ridge_var,3,Temp,149209,0.32817915763662,0.4628494608524749,0.3491267634432136
external_test,ridge_var,3,SBP,383495,12.709070610595017,16.95163357945509,0.4382438141584489
external_test,ridge_var,3,MAP,380091,8.770684482175925,12.264385982280666,0.4616149727461013
external_test,ridge_var,3,DBP,383390,7.287000056599869,10.544374476872575,0.4554375035374918
external_test,ridge_var,3,Resp,352583,2.725295573653642,3.8331394351612595,0.38932793909337743
external_test,ridge_var,3,BaseExcess,859,3.1366682622329867,4.1364539941448975,0.7841670655582467
external_test,ridge_var,3,HCO3,711,2.4257275844618804,3.1726446779759025,0.48514551689237606
external_test,ridge_var,3,FiO2,6960,0.14898431977638715,1.0278925674956778,0.9932287985092475
external_test,ridge_var,3,pH,6633,0.05447173660370858,0.07476531994868661,0.6052415178189852
external_test,ridge_var,3,PaCO2,6666,5.727912654005079,8.590022062171686,0.6364347393338977
external_test,ridge_var,3,SaO2,5694,2.209071439270376,3.862209467645837,0.44181428785407517
external_test,ridge_var,3,BUN,20256,5.2134903630563985,9.789012121944365,0.3066759037091999
external_test,ridge_var,3,Chloride,1864,2.3718696356845492,3.5266743492410986,0.338838519383507
external_test,ridge_var,3,Creatinine,20273,0.3512395802468395,1.052497591168026,0.5017708289240564
external_test,ridge_var,3,Glucose,93330,25.749211285634498,40.106578938614724,0.5597654627311848
external_test,ridge_var,3,Magnesium,18065,0.2430356989253834,0.3617794890285415,0.6075892473134583
external_test,ridge_var,3,Phosphate,10738,0.8164590484098984,1.149695284324148,0.5443060322732656
external_test,ridge_var,3,Potassium,27740,0.3771654670926646,0.5645380671591349,0.5388078101323778
external_test,ridge_var,3,Hct,21623,2.7737158324571634,3.997497363665339,0.45470751351756766
external_test,ridge_var,3,Hgb,21967,0.9609745507823476,1.4343617284910428,0.43680661399197634
external_test,ridge_var,3,WBC,19292,2.4012281078351805,4.416740631480649,0.3872948561024484
external_test,ridge_var,3,Platelets,19587,29.924992361572656,48.32560517268752,0.24937493634643879
external_test,ridge_var,6,HR,348343,7.9114796062786406,10.815192812953782,0.35162131583460626
external_test,ridge_var,6,O2Sat,339096,1.8179155691289957,2.753106144824935,0.5194044483225702
external_test,ridge_var,6,Temp,131538,0.41151982535916964,0.5552594379584366,0.4377870482544369
external_test,ridge_var,6,SBP,340018,14.338268026840343,18.860303463170293,0.4944230354082877
external_test,ridge_var,6,MAP,337125,9.969163926617496,13.659320486487225,0.524692838243026
external_test,ridge_var,6,DBP,339928,7.960436705598822,11.237886417193218,0.49752729409992635
external_test,ridge_var,6,Resp,312811,3.0006745375667094,4.117792896679537,0.4286677910809585
external_test,ridge_var,6,BaseExcess,725,3.5334550653583587,4.60583923601741,0.8833637663395897
external_test,ridge_var,6,HCO3,606,2.5489732086819217,3.433300192227111,0.5097946417363843
external_test,ridge_var,6,FiO2,6061,0.16460489399778147,1.0657432426425688,1.0973659599852097
external_test,ridge_var,6,pH,5736,0.05729078175171261,0.07811163907291047,0.6365642416856967
external_test,ridge_var,6,PaCO2,5764,5.844518872919625,8.631798154024496,0.6493909858799584
external_test,ridge_var,6,SaO2,4938,2.3662832237654667,3.9899588045728223,0.47325664475309337
external_test,ridge_var,6,BUN,17836,5.139481471988193,9.285443720795726,0.30232243952871724
external_test,ridge_var,6,Chloride,1588,2.71246622655649,3.89297426488201,0.3874951752223557
external_test,ridge_var,6,Creatinine,17852,0.34655499904123477,0.9898428913436258,0.4950785700589068
external_test,ridge_var,6,Glucose,82191,28.713404840521605,44.02238438240255,0.6242044530548175
external_test,ridge_var,6,Magnesium,16034,0.23464214113913745,0.34751867335356007,0.5866053528478434
external_test,ridge_var,6,Phosphate,9636,0.8147134279104498,1.1331667601692625,0.5431422852736332
external_test,ridge_var,6,Potassium,24424,0.377518526204998,0.5574998322615664,0.5393121802928541
external_test,ridge_var,6,Hct,19004,2.7652729982195154,3.97789804196435,0.453323442331068
external_test,ridge_var,6,Hgb,19323,0.9829669423051598,1.4274438141632069,0.4468031555932546
external_test,ridge_var,6,WBC,17003,2.403335350865476,4.380611757652743,0.3876347340105606
external_test,ridge_var,6,Platelets,17266,29.77266505490151,47.112967238857685,0.24810554212417923
external_test,ridge_var,12,HR,268890,9.704668734221872,12.74303810765987,0.431318610409861
external_test,ridge_var,12,O2Sat,261548,2.0168373673507003,2.9924634237708925,0.5762392478144858
external_test,ridge_var,12,Temp,100667,0.49281099368163755,0.6501926234112497,0.5242670145549349
external_test,ridge_var,12,SBP,262385,16.41209281746399,21.45026346619716,0.5659342350849651
external_test,ridge_var,12,MAP,260441,11.44059020057582,15.561455479540026,0.6021363263460957
external_test,ridge_var,12,DBP,262320,8.852001882501128,12.29738269159945,0.5532501176563205
external_test,ridge_var,12,Resp,241818,3.2875735636068493,4.481197992640167,0.4696533662295499
external_test,ridge_var,12,BaseExcess,478,3.8467380210336577,5.045134538831828,0.9616845052584144
external_test,ridge_var,12,HCO3,404,2.806266950248077,3.8207348614964793,0.5612533900496154
external_test,ridge_var,12,FiO2,4744,0.17993239055775528,1.1454477957362932,1.199549270385035
external_test,ridge_var,12,pH,4405,0.059134233803854554,0.08080225384105437,0.6570470422650516
external_test,ridge_var,12,PaCO2,4421,6.122050107828402,8.952027410171842,0.6802277897587113
external_test,ridge_var,12,SaO2,3774,2.7152822750457957,4.283902966419519,0.5430564550091591
external_test,ridge_var,12,BUN,15043,5.5212409368367945,9.345581254173783,0.3247788786374585
external_test,ridge_var,12,Chloride,1158,3.0261648505115213,4.128326136460373,0.43230926435878875
external_test,ridge_var,12,Creatinine,15055,0.363677061890122,0.8878861401273849,0.5195386598430315
external_test,ridge_var,12,Glucose,63511,29.114060411004612,44.74091733857954,0.6329143567609699
external_test,ridge_var,12,Magnesium,13592,0.22589446067322058,0.3408771767923313,0.5647361516830512
external_test,ridge_var,12,Phosphate,8201,0.8189289857419061,1.108727115886261,0.5459526571612707
external_test,ridge_var,12,Potassium,20012,0.37964065427864974,0.5462102807506414,0.5423437918266424
external_test,ridge_var,12,Hct,15751,2.8666760247870084,3.9610963383655053,0.46994688930934553
external_test,ridge_var,12,Hgb,15999,1.0606138520532116,1.4597121589901962,0.4820972054787327
external_test,ridge_var,12,WBC,14399,2.507819205280955,3.948404387394778,0.4044869685937023
external_test,ridge_var,12,Platelets,14597,32.21209967393808,47.39955225206581,0.268434163949484
external_test,ridge_var,24,HR,140636,11.595490231757154,14.830764892863545,0.515355121411429
external_test,ridge_var,24,O2Sat,137048,2.185047826669195,3.2089127051201234,0.6242993790483414
external_test,ridge_var,24,Temp,53261,0.5556708095061011,0.7209551253738731,0.5911391590490452
external_test,ridge_var,24,SBP,137263,19.008550722031096,24.742782628568932,0.6554672662769343
external_test,ridge_var,24,MAP,136415,13.034583532551888,17.59304788775217,0.6860307122395731
external_test,ridge_var,24,DBP,137240,10.08708052478071,13.810905332144882,0.6304425327987944
external_test,ridge_var,24,Resp,126058,3.5620442543877058,4.84015257217523,0.5088634649125294
external_test,ridge_var,24,BaseExcess,270,3.753888262256833,4.690972717863701,0.9384720655642083
external_test,ridge_var,24,HCO3,235,2.8248659000596237,3.5977747087010656,0.5649731800119248
external_test,ridge_var,24,FiO2,2937,0.2018899044099771,1.3800966167951856,1.3459326960665137
external_test,ridge_var,24,pH,2655,0.05984466858865553,0.07918940277670422,0.6649407620961736
external_test,ridge_var,24,PaCO2,2670,6.697927099205793,9.726447047338036,0.744214122133977
external_test,ridge_var,24,SaO2,2264,3.151146015229054,4.68392857318346,0.6302292030458108
external_test,ridge_var,24,BUN,7297,7.06908481077209,11.545137785062884,0.41582851828071116
external_test,ridge_var,24,Chloride,716,3.4407449155937995,4.559914632520711,0.49153498794197137
external_test,ridge_var,24,Creatinine,7301,0.46532374032411405,0.9397815069077491,0.6647482004630201
external_test,ridge_var,24,Glucose,33089,29.786679095133533,46.74534064774387,0.6475365020681203
external_test,ridge_var,24,Magnesium,6751,0.23438759052195537,0.36757256073822947,0.5859689763048882
external_test,ridge_var,24,Phosphate,3967,0.8464912990394888,1.1293646540899744,0.5643275326929925
external_test,ridge_var,24,Potassium,10160,0.41058049899375315,0.5884628143910378,0.5865435699910758
external_test,ridge_var,24,Hct,7641,3.353268561266368,4.482492750848922,0.5497161575846503
external_test,ridge_var,24,Hgb,7741,1.2318461213329557,1.6345092157220722,0.5599300551513436
external_test,ridge_var,24,WBC,6952,2.8875073412759034,4.8602148656301685,0.4657269905283714
external_test,ridge_var,24,Platelets,7063,40.515974378124604,55.498322581433094,0.33763311981770505
internal_test,ridge_var,1,HR,75213,4.8819870830971706,7.445317349439277,0.21697720369320758
internal_test,ridge_var,1,O2Sat,71265,1.3007749608085757,2.1704314379185194,0.3716499888024502
internal_test,ridge_var,1,Temp,26035,0.3093455804504332,0.4663669242134525,0.3290910430323765
internal_test,ridge_var,1,SBP,68813,9.521273691598006,12.85683472449734,0.32831978246889676
internal_test,ridge_var,1,MAP,72975,6.892391827946939,10.054340025589681,0.3627574646287863
internal_test,ridge_var,1,DBP,43292,5.280297140305731,7.90392735806244,0.33001857126910816
internal_test,ridge_var,1,Resp,73929,2.77298512485955,3.846153446353294,0.3961407321227929
internal_test,ridge_var,1,BaseExcess,6331,1.4265306747249233,2.2058246809073374,0.35663266868123084
internal_test,ridge_var,1,HCO3,5682,1.6346104010223277,2.427566993392315,0.32692208020446556
internal_test,ridge_var,1,FiO2,9874,0.04934527941128066,0.11946922081814791,0.3289685294085377
internal_test,ridge_var,1,pH,7225,0.030962923327444287,0.04620013524699963,0.3440324814160482
internal_test,ridge_var,1,PaCO2,5401,4.517868930043291,6.597469659493856,0.5019854366714768
internal_test,ridge_var,1,SaO2,2987,6.597153167387961,12.54936016733268,1.3194306334775923
internal_test,ridge_var,1,BUN,5760,3.4500029152413365,6.854905572769315,0.20294134795537275
internal_test,ridge_var,1,Chloride,5829,2.1283744237882285,3.2320379829901866,0.30405348911260405
internal_test,ridge_var,1,Creatinine,4763,0.22542137764673187,0.5549376407982998,0.3220305394953313
internal_test,ridge_var,1,Glucose,8182,27.926865533757216,45.87940312711668,0.6071057724729829
internal_test,ridge_var,1,Magnesium,5741,0.19610221529409522,0.3129613504581078,0.4902555382352379
internal_test,ridge_var,1,Phosphate,3770,0.6857279147568456,0.9504200236139705,0.45715194317123037
internal_test,ridge_var,1,Potassium,7595,0.3579734776026373,0.5614527934202913,0.5113906822894817
internal_test,ridge_var,1,Hct,8028,1.9797865479821093,2.9862661381895,0.3245551718003457
internal_test,ridge_var,1,Hgb,6128,0.7300120691507196,1.0922422881342946,0.33182366779578176
internal_test,ridge_var,1,WBC,5275,2.105755719317002,3.539170802797156,0.3396380192446776
internal_test,ridge_var,1,Platelets,4586,31.82428220214343,51.467074830303325,0.2652023516845286
internal_test,ridge_var,3,HR,69635,6.513966962033259,9.480969466262348,0.2895096427570337
internal_test,ridge_var,3,O2Sat,65926,1.5278719941574368,2.4163364058564505,0.43653485547355336
internal_test,ridge_var,3,Temp,23788,0.36224072995580203,0.5112011691239632,0.38536247867638607
internal_test,ridge_var,3,SBP,63589,11.352651883663158,14.905507734000228,0.39147075460907443
internal_test,ridge_var,3,MAP,67551,8.124619340359509,11.356910463310452,0.4276115442294478
internal_test,ridge_var,3,DBP,40103,6.365843703442701,9.086013798678986,0.39786523146516883
internal_test,ridge_var,3,Resp,68453,3.118681916021217,4.225581005927457,0.445525988003031
internal_test,ridge_var,3,BaseExcess,5762,1.7392499185942119,2.490867362917904,0.43481247964855296
internal_test,ridge_var,3,HCO3,5070,1.9443868635593842,2.6284090181920563,0.38887737271187683
internal_test,ridge_var,3,FiO2,9101,0.06252323405040047,0.13103162054678832,0.4168215603360031
internal_test,ridge_var,3,pH,6563,0.036221840601813604,0.05059546169311955,0.40246489557570736
internal_test,ridge_var,3,PaCO2,4926,4.656862275633521,6.716815145785352,0.5174291417370579
internal_test,ridge_var,3,SaO2,2667,6.840659702243313,12.387682566465767,1.3681319404486625
internal_test,ridge_var,3,BUN,5135,3.9104779741118008,6.683772623443601,0.23002811612422358
internal_test,ridge_var,3,Chloride,5212,2.474135263617051,3.412967413378352,0.3534478948024358
internal_test,ridge_var,3,Creatinine,4246,0.21846071029634967,0.5050263183731019,0.31208672899478523
internal_test,ridge_var,3,Glucose,7311,28.82930898899932,45.82138544521327,0.626724108456507
internal_test,ridge_var,3,Magnesium,5212,0.22089269601050657,0.3209104782881495,0.5522317400262662
internal_test,ridge_var,3,Phosphate,3431,0.6813930323085667,0.9421527554475965,0.4542620215390445
internal_test,ridge_var,3,Potassium,6840,0.3830855467172306,0.5471760809969751,0.5472650667389007
internal_test,ridge_var,3,Hct,7206,2.3445095549614767,3.2864484199685213,0.38434582868220923
internal_test,ridge_var,3,Hgb,5461,0.8594202335219174,1.2008943445167095,0.3906455606917808
internal_test,ridge_var,3,WBC,4675,2.4625353586938057,3.7227623913610395,0.3971831223699686
internal_test,ridge_var,3,Platelets,4077,31.0964350519365,48.825748071069874,0.2591369587661375
internal_test,ridge_var,6,HR,61616,7.858589486119811,11.028204133905895,0.3492706438275472
internal_test,ridge_var,6,O2Sat,58303,1.693210902560692,2.525660698063679,0.48377454358876915
internal_test,ridge_var,6,Temp,20709,0.4387186447598213,0.5901731285620417,0.46672196251044934
internal_test,ridge_var,6,SBP,56090,12.789485898742466,16.442621087180804,0.4410167551290506
internal_test,ridge_var,6,MAP,59757,9.129538051065438,12.3506070006425,0.48050200268765464
internal_test,ridge_var,6,DBP,35484,7.129043557255601,9.91521836662924,0.44556522232847506
internal_test,ridge_var,6,Resp,60590,3.435897977468676,4.547148645486451,0.49084256820981087
internal_test,ridge_var,6,BaseExcess,4973,1.8688117334875738,2.6537175124071863,0.46720293337189345
internal_test,ridge_var,6,HCO3,4311,1.9535159886041409,2.6009526048541964,0.3907031977208282
internal_test,ridge_var,6,FiO2,8034,0.07682233485566022,0.14160377562739693,0.5121488990377346
internal_test,ridge_var,6,pH,5652,0.03936812438954233,0.05420312173685647,0.43742360432824884
internal_test,ridge_var,6,PaCO2,4246,4.94719973295693,7.088531819778219,0.5496888592174367
internal_test,ridge_var,6,SaO2,2251,7.26341465745401,12.38454184164247,1.452682931490802
internal_test,ridge_var,6,BUN,4364,3.985031333771645,6.548105927656316,0.2344136078689203
internal_test,ridge_var,6,Chloride,4444,2.455171027389677,3.3570257874356386,0.3507387181985253
internal_test,ridge_var,6,Creatinine,3644,0.22133361784354286,0.4517610331042627,0.31619088263363265
internal_test,ridge_var,6,Glucose,6274,29.084600178611783,44.90366153712631,0.6322739169263432
internal_test,ridge_var,6,Magnesium,4529,0.20900657024628183,0.2952673425873661,0.5225164256157044
internal_test,ridge_var,6,Phosphate,3046,0.6926196823453263,0.9443113035458036,0.4617464548968842
internal_test,ridge_var,6,Potassium,5902,0.3683334285820997,0.5321118663768056,0.5261906122601423
internal_test,ridge_var,6,Hct,6183,2.429661337572768,3.3364027721469047,0.398305137307011
internal_test,ridge_var,6,Hgb,4652,0.8687303867132763,1.206107161112639,0.3948774485060348
internal_test,ridge_var,6,WBC,3974,2.4098230934556617,3.5008324051471744,0.38868114410575183
internal_test,ridge_var,6,Platelets,3506,31.033145293756093,46.82275470891438,0.2586095441146341
internal_test,ridge_var,12,HR,47203,9.537214441133894,12.84017465745949,0.4238761973837286
internal_test,ridge_var,12,O2Sat,44675,1.8650397005771684,2.6706864289099825,0.532868485879191
internal_test,ridge_var,12,Temp,15473,0.5053975395173661,0.6693002140110975,0.5376569569333695
internal_test,ridge_var,12,SBP,42824,14.70021413674013,18.59586218166434,0.5069039357496596
internal_test,ridge_var,12,MAP,45784,10.364405275408373,13.772534542380594,0.5454950144951776
internal_test,ridge_var,12,DBP,27384,8.052431817708088,11.010502136445067,0.5032769886067555
internal_test,ridge_var,12,Resp,46407,3.8087533174501584,4.984927866793316,0.5441076167785941
internal_test,ridge_var,12,BaseExcess,3742,2.0718562604452018,2.8682883701214634,0.5179640651113004
internal_test,ridge_var,12,HCO3,3561,2.0691076741373924,2.7405605654450067,0.41382153482747847
internal_test,ridge_var,12,FiO2,6261,0.08908502672414607,0.1467068473084082,0.5939001781609737
internal_test,ridge_var,12,pH,4234,0.04299001069728843,0.0576319870517989,0.47766678552542774
internal_test,ridge_var,12,PaCO2,3189,5.147044572062829,7.215971222220166,0.5718938413403144
internal_test,ridge_var,12,SaO2,1653,6.90391803302867,11.351100568307317,1.380783606605734
internal_test,ridge_var,12,BUN,3605,4.689332895987265,7.246318782899831,0.27584311152866264
internal_test,ridge_var,12,Chloride,3662,2.6148785095920912,3.5002566299693028,0.37355407279887015
internal_test,ridge_var,12,Creatinine,2995,0.26459485939289895,0.4772842243575433,0.37799265627556994
internal_test,ridge_var,12,Glucose,4799,28.921797896846527,42.72512234609135,0.628734736887968
internal_test,ridge_var,12,Magnesium,3714,0.20606815018210387,0.2762412403962653,0.5151703754552595
internal_test,ridge_var,12,Phosphate,2513,0.7502145150792092,1.0182227189931194,0.5001430100528061
internal_test,ridge_var,12,Potassium,4709,0.3708552040377702,0.5214246482560543,0.529793148625386
internal_test,ridge_var,12,Hct,4837,2.5558073265788313,3.379340416550808,0.41898480763587387
internal_test,ridge_var,12,Hgb,3765,0.8677878530194661,1.175069628031636,0.39444902409975746
internal_test,ridge_var,12,WBC,3302,2.4306662241637205,3.3808952950895557,0.3920429393812452
internal_test,ridge_var,12,Platelets,2891,32.38590248103383,44.40879793852215,0.2698825206752819
internal_test,ridge_var,24,HR,23813,11.416300720957597,14.958519560778154,0.507391143153671
internal_test,ridge_var,24,O2Sat,22642,1.955350367658001,2.637888672931576,0.5586715336165717
internal_test,ridge_var,24,Temp,7831,0.558246417893035,0.7323951683488501,0.5938791679713152
internal_test,ridge_var,24,SBP,21694,17.072281713344136,21.401917713028347,0.5886993694256598
internal_test,ridge_var,24,MAP,23177,11.61970963625509,15.251401611766052,0.6115636650660573
internal_test,ridge_var,24,DBP,14690,9.288682347372257,12.543663672170695,0.580542646710766
internal_test,ridge_var,24,Resp,23443,4.1442020523120755,5.419530439838684,0.5920288646160108
internal_test,ridge_var,24,BaseExcess,2026,2.2685979233922007,2.9954653245113496,0.5671494808480502
internal_test,ridge_var,24,HCO3,1786,2.2581368239699886,2.9877241018382463,0.45162736479399773
internal_test,ridge_var,24,FiO2,3602,0.09630302483548027,0.14881415175756435,0.6420201655698684
internal_test,ridge_var,24,pH,2214,0.04601789244911071,0.05998541362616257,0.5113099161012309
internal_test,ridge_var,24,PaCO2,1752,5.365176085707974,7.401125106356097,0.5961306761897749
internal_test,ridge_var,24,SaO2,884,6.5978331445180745,10.686045916729094,1.319566628903615
internal_test,ridge_var,24,BUN,1806,6.3075759828576246,9.38210589989415,0.37103388134456616
internal_test,ridge_var,24,Chloride,1826,3.020299861788303,3.966787844903735,0.43147140882690044
internal_test,ridge_var,24,Creatinine,1502,0.3778753077762699,0.6142752011888992,0.5398218682518141
internal_test,ridge_var,24,Glucose,2314,28.548062760642203,40.99973976643546,0.6206100600139609
internal_test,ridge_var,24,Magnesium,1812,0.21209321413661084,0.27836375814279407,0.5302330353415269
internal_test,ridge_var,24,Phosphate,1239,0.851167005280211,1.155963168706056,0.5674446701868073
internal_test,ridge_var,24,Potassium,2322,0.38875714775210474,0.5286613985810882,0.5553673539315781
internal_test,ridge_var,24,Hct,2345,2.7510742564100896,3.511903464194177,0.45099577973935884
internal_test,ridge_var,24,Hgb,1860,0.9242131043655637,1.1984013953108867,0.4200968656207109
internal_test,ridge_var,24,WBC,1649,2.739750959955733,4.033028475689543,0.44189531612189237
internal_test,ridge_var,24,Platelets,1448,40.55055042890063,55.010292181942006,0.3379212535741719
