split,model,horizon_hours,constraint,seeds,mean,standard_deviation,minimum,maximum
external_test,global_median,1,pressure_order,1,0.0,0.0,0.0,0.0
external_test,global_median,3,pressure_order,1,0.0,0.0,0.0,0.0
external_test,global_median,6,pressure_order,1,0.0,0.0,0.0,0.0
external_test,global_median,12,pressure_order,1,0.0,0.0,0.0,0.0
external_test,global_median,24,pressure_order,1,0.0,0.0,0.0,0.0
external_test,grud,1,FiO2_bounds,5,1.9904761904761905,0.23799442970944254,1.7668308702791462,2.380952380952381
external_test,grud,1,O2Sat_bounds,5,121.87027914614123,3.419522784438758,115.92118226600984,124.67651888341544
external_test,grud,1,SaO2_bounds,5,6.771100164203612,0.44029324067652353,6.247947454844007,7.399014778325123
external_test,grud,1,emitted_FiO2_bounds,5,16.630213464696222,2.720819273736629,13.014778325123151,20.374384236453203
external_test,grud,1,emitted_O2Sat_bounds,5,134.41083743842367,3.0723073805448746,129.47947454844007,137.51067323481118
external_test,grud,1,emitted_SaO2_bounds,5,206.21182266009856,3.5366197156246377,200.34811165845647,209.67651888341544
external_test,grud,1,emitted_pressure_order,5,106.78128078817733,4.846576146272647,101.95730706075534,112.70771756978654
external_test,grud,1,pressure_order,5,95.29556650246306,5.0117379698715405,91.311986863711,102.63218390804596
external_test,grud,3,FiO2_bounds,5,3.5983579638752046,0.4368257444027395,3.1888341543513956,4.267651888341543
external_test,grud,3,O2Sat_bounds,5,131.5231527093596,6.122449288316186,120.67651888341544,135.3448275862069
external_test,grud,3,SaO2_bounds,5,17.646305418719212,1.124894581644353,16.328407224958948,19.310344827586206
external_test,grud,3,emitted_FiO2_bounds,5,15.541871921182267,2.463300753942106,12.699507389162562,18.75205254515599
external_test,grud,3,emitted_O2Sat_bounds,5,132.71001642036123,6.052496776765038,122.02627257799672,136.38423645320196
external_test,grud,3,emitted_SaO2_bounds,5,202.92019704433497,5.6910665560611156,196.64039408866995,209.6600985221675
external_test,grud,3,emitted_pressure_order,5,122.59014778325124,5.36854295390019,114.8784893267652,128.65024630541873
external_test,grud,3,pressure_order,5,121.42889983579637,4.945731495895969,115.34811165845647,128.57635467980296
external_test,grud,6,FiO2_bounds,5,4.720853858784894,0.5461010760679847,4.2151067323481115,5.48440065681445
external_test,grud,6,O2Sat_bounds,5,128.83021346469621,9.107172054400557,113.48604269293924,135.58128078817734
external_test,grud,6,SaO2_bounds,5,30.692939244663382,1.926400573056718,27.89983579638752,33.26108374384236
external_test,grud,6,emitted_FiO2_bounds,5,14.74712643678161,2.3725521369777827,12.183908045977011,17.551724137931036
external_test,grud,6,emitted_O2Sat_bounds,5,129.12446633825942,9.060648014428995,113.94417077175696,136.22988505747125
external_test,grud,6,emitted_SaO2_bounds,5,198.76978653530375,6.832945343688056,190.1904761904762,207.4022988505747
external_test,grud,6,emitted_pressure_order,5,137.34679802955665,7.214475002856564,127.1231527093596,144.5615763546798
external_test,grud,6,pressure_order,5,140.07651888341545,5.334992628751126,132.33169129720855,147.33825944170772
external_test,grud,12,FiO2_bounds,5,5.727093596059113,0.6716533951547631,5.072249589490969,6.610837438423645
external_test,grud,12,O2Sat_bounds,5,122.97372742200328,13.608103557031347,102.16256157635468,135.21018062397374
external_test,grud,12,SaO2_bounds,5,50.80197044334976,3.4976419034954294,45.139573070607554,54.433497536945815
external_test,grud,12,emitted_FiO2_bounds,5,14.36223316912972,2.493329692484,11.114942528735632,17.32512315270936
external_test,grud,12,emitted_O2Sat_bounds,5,123.31986863711002,13.520964889500657,102.73891625615764,135.66174055829228
external_test,grud,12,emitted_SaO2_bounds,5,192.76190476190476,8.197586975086411,179.7783251231527,200.20689655172413
external_test,grud,12,emitted_pressure_order,5,155.77799671592774,8.182957280166816,144.82266009852216,164.5270935960591
external_test,grud,12,pressure_order,5,161.06666666666666,6.562248236038831,151.73563218390805,168.22824302134646
external_test,grud,24,FiO2_bounds,5,6.542857142857143,0.8861341930817844,5.801313628899836,8.042692939244663
external_test,grud,24,O2Sat_bounds,5,116.76256157635467,17.17415177793982,92.05418719211822,133.6206896551724
external_test,grud,24,SaO2_bounds,5,78.84827586206897,6.356477154033115,68.04433497536945,84.18062397372742
external_test,grud,24,emitted_FiO2_bounds,5,13.879146141215108,2.887994398642913,10.26272577996716,18.279146141215108
external_test,grud,24,emitted_O2Sat_bounds,5,117.17339901477833,17.23464680500546,92.46633825944171,134.311986863711
external_test,grud,24,emitted_SaO2_bounds,5,186.32840722495897,10.78321466259295,167.83415435139574,194.7668308702791
external_test,grud,24,emitted_pressure_order,5,174.9582922824302,11.09802349622408,164.56650246305418,192.22331691297208
external_test,grud,24,pressure_order,5,181.6518883415435,10.071316297402612,171.14285714285714,197.1264367816092
external_test,hourly_median,1,pressure_order,1,0.0,0.0,0.0,0.0
external_test,hourly_median,3,pressure_order,1,0.0,0.0,0.0,0.0
external_test,hourly_median,6,pressure_order,1,0.0,0.0,0.0,0.0
external_test,hourly_median,12,pressure_order,1,0.0,0.0,0.0,0.0
external_test,hourly_median,24,pressure_order,1,0.0,0.0,0.0,0.0
external_test,locf,1,pressure_order,1,5.320197044334975,0.0,5.320197044334975,5.320197044334975
external_test,locf,3,pressure_order,1,5.320197044334975,0.0,5.320197044334975,5.320197044334975
external_test,locf,6,pressure_order,1,5.320197044334975,0.0,5.320197044334975,5.320197044334975
external_test,locf,12,pressure_order,1,5.320197044334975,0.0,5.320197044334975,5.320197044334975
external_test,locf,24,pressure_order,1,5.320197044334975,0.0,5.320197044334975,5.320197044334975
external_test,ridge_var,1,pressure_order,1,3.0213464696223316,0.0,3.0213464696223316,3.0213464696223316
external_test,ridge_var,3,pressure_order,1,2.561576354679803,0.0,2.561576354679803,2.561576354679803
external_test,ridge_var,6,pressure_order,1,1.6420361247947455,0.0,1.6420361247947455,1.6420361247947455
external_test,ridge_var,12,pressure_order,1,0.6239737274220033,0.0,0.6239737274220033,0.6239737274220033
external_test,ridge_var,24,pressure_order,1,0.13136288998357964,0.0,0.13136288998357964,0.13136288998357964
external_test,rssm,1,FiO2_bounds,5,0.5917898193760263,0.029110850764305342,0.5533661740558292,0.632183908045977
external_test,rssm,1,O2Sat_bounds,5,17.53497536945813,7.292967664321819,11.272577996715928,29.16912972085386
external_test,rssm,1,SaO2_bounds,5,7.44991789819376,2.198091834397929,5.188834154351396,10.36945812807882
external_test,rssm,1,emitted_FiO2_bounds,5,0.34614121510673235,0.12942640815257925,0.2101806239737274,0.5155993431855501
external_test,rssm,1,emitted_O2Sat_bounds,5,19.861083743842364,8.407558539025613,12.70607553366174,33.220032840722496
external_test,rssm,1,emitted_SaO2_bounds,5,162.96781609195403,53.73914327430958,108.29064039408868,238.13628899835797
external_test,rssm,1,emitted_pressure_order,5,0.7500821018062398,0.3225324289801439,0.2183908045977011,1.0558292282430213
external_test,rssm,1,pressure_order,5,30.90147783251232,7.302966418091954,24.97536945812808,39.35139573070607
external_test,rssm,3,FiO2_bounds,5,0.39244663382594414,0.046501813656835145,0.3300492610837438,0.444991789819376
external_test,rssm,3,O2Sat_bounds,5,15.515599343185551,8.563583236217244,8.31527093596059,27.669950738916256
external_test,rssm,3,SaO2_bounds,5,21.293596059113302,6.231911348489983,15.057471264367816,29.58620689655172
external_test,rssm,3,emitted_FiO2_bounds,5,0.24269293924466337,0.11048963248686447,0.1330049261083744,0.4055829228243021
external_test,rssm,3,emitted_O2Sat_bounds,5,15.390147783251232,8.675097414415774,8.183908045977011,27.669950738916256
external_test,rssm,3,emitted_SaO2_bounds,5,161.25418719211822,52.58623161553471,109.13300492610836,236.2577996715928
external_test,rssm,3,emitted_pressure_order,5,0.5307060755336618,0.23275941709029324,0.1412151067323481,0.7389162561576355
external_test,rssm,3,pressure_order,5,11.984564860426929,3.6335281320580664,8.48111658456486,17.119868637110017
external_test,rssm,6,FiO2_bounds,5,0.27816091954022987,0.08028028638933407,0.1970443349753694,0.3990147783251231
external_test,rssm,6,O2Sat_bounds,5,12.911986863711004,7.9688870522886175,6.2298850574712645,23.29392446633826
external_test,rssm,6,SaO2_bounds,5,39.832840722495895,11.745243269320252,28.141215106732343,55.71592775041051
external_test,rssm,6,emitted_FiO2_bounds,5,0.1842364532019704,0.1029610335833141,0.090311986863711,0.3513957307060755
external_test,rssm,6,emitted_O2Sat_bounds,5,12.97504105090312,8.054971966808615,6.270935960591133,23.52380952380953
external_test,rssm,6,emitted_SaO2_bounds,5,160.57931034482758,51.087865674977024,106.91625615763547,232.69950738916256
external_test,rssm,6,emitted_pressure_order,5,0.37208538587848927,0.17582672560758333,0.1182266009852216,0.5681444991789819
external_test,rssm,6,pressure_order,5,4.518226600985221,1.940712207960454,2.3793103448275863,7.152709359605911
external_test,rssm,12,FiO2_bounds,5,0.1904761904761904,0.0943206475519255,0.1100164203612479,0.334975369458128
external_test,rssm,12,O2Sat_bounds,5,11.17175697865353,6.592876629750998,5.174055829228243,20.24794745484401
external_test,rssm,12,SaO2_bounds,5,70.3415435139573,20.288232476384145,48.99014778325123,97.47290640394088
external_test,rssm,12,emitted_FiO2_bounds,5,0.1215106732348111,0.07320424671644915,0.0525451559934318,0.2019704433497537
external_test,rssm,12,emitted_O2Sat_bounds,5,11.273891625615764,6.69313003397269,5.201970443349754,20.469622331691298
external_test,rssm,12,emitted_SaO2_bounds,5,160.77799671592774,48.491990001801746,104.88177339901478,227.14614121510672
external_test,rssm,12,emitted_pressure_order,5,0.22857142857142856,0.12385894924915411,0.0952380952380952,0.4285714285714285
external_test,rssm,12,pressure_order,5,2.495894909688013,1.254241001076793,1.2151067323481115,3.893267651888342
external_test,rssm,24,FiO2_bounds,5,0.10082101806239734,0.044918017497085586,0.0541871921182266,0.1625615763546798
external_test,rssm,24,O2Sat_bounds,5,9.732019704433498,4.7917433861372025,5.003284072249589,17.275862068965516
external_test,rssm,24,SaO2_bounds,5,111.28538587848932,31.753579957815816,73.50903119868637,151.76518883415434
external_test,rssm,24,emitted_FiO2_bounds,5,0.07422003284072246,0.03821748688035927,0.0361247947454844,0.1198686371100164
external_test,rssm,24,emitted_O2Sat_bounds,5,9.84039408866995,4.935979491446093,5.024630541871921,17.62233169129721
external_test,rssm,24,emitted_SaO2_bounds,5,161.93891625615765,46.6721096296676,100.26765188834156,219.08045977011497
external_test,rssm,24,emitted_pressure_order,5,0.15402298850574708,0.1070942456206518,0.0443349753694581,0.3152709359605911
external_test,rssm,24,pressure_order,5,1.9931034482758623,1.1984048300627412,0.8768472906403941,3.605911330049261
external_test,transformer,1,FiO2_bounds,5,2.3986863711001645,0.17966381612054533,2.1461412151067325,2.5779967159277506
external_test,transformer,1,O2Sat_bounds,5,120.02266009852217,5.825246379331918,111.0673234811166,127.3415435139573
external_test,transformer,1,SaO2_bounds,5,7.3648604269293925,1.2129582034659125,5.282430213464696,8.425287356321839
external_test,transformer,1,emitted_FiO2_bounds,5,30.4367816091954,7.125162670905564,21.55993431855501,39.40229885057471
external_test,transformer,1,emitted_O2Sat_bounds,5,135.84696223316914,5.982296874571078,126.11330049261085,141.39080459770116
external_test,transformer,1,emitted_SaO2_bounds,5,194.00098522167485,16.32040382987629,170.86371100164203,213.89326765188835
external_test,transformer,1,emitted_pressure_order,5,117.48177339901477,15.298317463248301,94.59934318555008,131.9178981937603
external_test,transformer,1,pressure_order,5,107.33136288998358,14.727649724417239,84.86535303776684,121.73070607553366
external_test,transformer,3,FiO2_bounds,5,4.607881773399013,0.3634345674877448,4.22495894909688,5.055829228243021
external_test,transformer,3,O2Sat_bounds,5,142.74022988505743,7.7300698301086115,131.5878489326765,151.13628899835797
external_test,transformer,3,SaO2_bounds,5,18.81412151067324,3.0150670538695925,13.755336617405582,21.41543513957307
external_test,transformer,3,emitted_FiO2_bounds,5,34.57668308702792,7.877276221106447,24.011494252873565,44.36617405582923
external_test,transformer,3,emitted_O2Sat_bounds,5,146.70114942528735,8.197137175935232,135.807881773399,157.19540229885058
external_test,transformer,3,emitted_SaO2_bounds,5,193.3615763546798,12.540897228021715,175.56650246305418,208.70279146141215
external_test,transformer,3,emitted_pressure_order,5,160.51954022988508,17.752681287591482,139.807881773399,181.49096880131364
external_test,transformer,3,pressure_order,5,150.43021346469624,19.281340514189516,124.94909688013136,170.3054187192118
external_test,transformer,6,FiO2_bounds,5,6.300164203612479,0.5472322816933824,5.694581280788177,7.044334975369458
external_test,transformer,6,O2Sat_bounds,5,150.32643678160917,9.34784913954484,139.2545155993432,164.84893267651887
external_test,transformer,6,SaO2_bounds,5,31.59014778325123,4.862545942247036,23.458128078817733,35.71100164203612
external_test,transformer,6,emitted_FiO2_bounds,5,37.42627257799672,7.584052893326711,26.85385878489327,46.80788177339902
external_test,transformer,6,emitted_O2Sat_bounds,5,151.42068965517242,10.056218641206893,140.44499178981937,167.55336617405584
external_test,transformer,6,emitted_SaO2_bounds,5,191.3704433497537,10.653857653623907,175.5008210180624,203.7454844006568
external_test,transformer,6,emitted_pressure_order,5,184.58226600985222,18.129941429084173,167.24302134646962,204.83908045977012
external_test,transformer,6,pressure_order,5,173.45188834154354,20.800667148142747,148.98357963875205,198.8653530377668
external_test,transformer,12,FiO2_bounds,5,8.295566502463055,0.7957634715778492,7.630541871921182,9.326765188834154
external_test,transformer,12,O2Sat_bounds,5,158.77044334975366,12.632482536095802,147.89819376026273,180.25944170771757
external_test,transformer,12,SaO2_bounds,5,49.388505747126445,6.612118967045962,38.467980295566505,55.54351395730706
external_test,transformer,12,emitted_FiO2_bounds,5,37.83185550082102,6.135930503761693,28.284072249589492,44.0
external_test,transformer,12,emitted_O2Sat_bounds,5,159.87159277504105,13.340568634333037,149.08045977011494,182.8784893267652
external_test,transformer,12,emitted_SaO2_bounds,5,186.20656814449916,7.029152496754148,176.2183908045977,191.9720853858785
external_test,transformer,12,emitted_pressure_order,5,216.52052545155993,19.508363682513302,201.33333333333337,241.54844006568143
external_test,transformer,12,pressure_order,5,204.91986863711,23.372375825212345,183.60919540229884,239.6256157635468
external_test,transformer,24,FiO2_bounds,5,10.137931034482758,1.1241611246154406,8.44991789819376,11.170771756978654
external_test,transformer,24,O2Sat_bounds,5,165.98916256157634,17.030059600495058,154.1937602627258,194.39901477832512
external_test,transformer,24,SaO2_bounds,5,72.64269293924465,8.228857459398807,58.399014778325125,79.2807881773399
external_test,transformer,24,emitted_FiO2_bounds,5,33.50804597701149,4.816146762895098,27.03776683087028,37.79474548440066
external_test,transformer,24,emitted_O2Sat_bounds,5,166.97963875205255,17.169691672452064,155.69786535303777,196.18883415435135
external_test,transformer,24,emitted_SaO2_bounds,5,178.87750410509034,6.4846678720013555,172.20853858784892,185.82594417077175
external_test,transformer,24,emitted_pressure_order,5,253.0935960591133,24.060948697836864,230.3891625615763,290.4679802955665
external_test,transformer,24,pressure_order,5,240.33858784893263,28.980946628512992,221.3727422003284,289.3316912972085
internal_test,global_median,1,pressure_order,1,0.0,0.0,0.0,0.0
internal_test,global_median,3,pressure_order,1,0.0,0.0,0.0,0.0
internal_test,global_median,6,pressure_order,1,0.0,0.0,0.0,0.0
internal_test,global_median,12,pressure_order,1,0.0,0.0,0.0,0.0
internal_test,global_median,24,pressure_order,1,0.0,0.0,0.0,0.0
internal_test,grud,1,FiO2_bounds,5,2.086330935251799,0.28705288254871925,1.866614816255104,2.5471514680147775
internal_test,grud,1,O2Sat_bounds,5,126.35232354656814,4.109411796883554,121.4660703869337,131.50884697647288
internal_test,grud,1,SaO2_bounds,5,9.949445848726423,0.6566313299562244,8.944195994555706,10.713591289130855
internal_test,grud,1,emitted_FiO2_bounds,5,15.617343962667704,2.334074492984005,13.678786700369434,19.62862142718258
internal_test,grud,1,emitted_O2Sat_bounds,5,139.7997277853393,4.2956421176127675,134.66848143107137,145.38207272020222
internal_test,grud,1,emitted_SaO2_bounds,5,199.02780478320045,2.3914322668728256,195.761228854754,201.58467820338325
internal_test,grud,1,emitted_pressure_order,5,139.55473459070583,6.222135213534065,131.71300797200078,145.93622399377796
internal_test,grud,1,pressure_order,5,92.96325102080498,4.60912512940856,86.68092552984639,98.3181022749368
internal_test,grud,3,FiO2_bounds,5,4.12405210966362,0.5434475606797577,3.4804588761423294,4.987361462181606
internal_test,grud,3,O2Sat_bounds,5,138.00505541512734,7.692145315133028,129.72000777756173,148.1333851837449
internal_test,grud,3,SaO2_bounds,5,24.643204355434573,0.9097274858530089,23.507680342212716,25.947890336379544
internal_test,grud,3,emitted_FiO2_bounds,5,14.909585844837645,2.3674859913154127,12.638537818393932,18.675870114719036
internal_test,grud,3,emitted_O2Sat_bounds,5,139.86389266964807,7.814734107422612,131.60606649815284,150.2624927085359
internal_test,grud,3,emitted_SaO2_bounds,5,197.04063776006222,4.955772150430745,190.25860392766867,203.80128329768615
internal_test,grud,3,emitted_pressure_order,5,149.89694730701927,8.996062282491158,139.55862337157302,157.0775811783006
internal_test,grud,3,pressure_order,5,108.14894030721368,7.2626314371856,98.15282908808088,114.49543068248104
internal_test,grud,6,FiO2_bounds,5,5.360684425432627,0.7529524858442324,4.569317518957806,6.484542096052888
internal_test,grud,6,O2Sat_bounds,5,135.839004472098,10.069646827771592,123.3229632510208,148.85280964417657
internal_test,grud,6,SaO2_bounds,5,40.75636787867004,1.3249954414416554,39.69473070192495,42.99047248687536
internal_test,grud,6,emitted_FiO2_bounds,5,13.692397433404627,1.970783825804475,11.510791366906474,16.585650398600038
internal_test,grud,6,emitted_O2Sat_bounds,5,136.54287380906084,10.36143340922893,123.81878281158856,150.4374878475598
internal_test,grud,6,emitted_SaO2_bounds,5,193.38712813532956,6.650310600767322,183.1907447015361,199.39723896558428
internal_test,grud,6,emitted_pressure_order,5,155.96733424071553,9.950819119817337,144.08905308185885,163.38712813532956
internal_test,grud,6,pressure_order,5,118.89753062414934,8.898479504919537,106.36787867003694,127.52284658759478
internal_test,grud,12,FiO2_bounds,5,6.0178883919891115,0.6809184784796405,5.2012444098775035,6.747034804588761
internal_test,grud,12,O2Sat_bounds,5,129.7977833949057,14.057850388668253,110.29554734590704,147.25840948862532
internal_test,grud,12,SaO2_bounds,5,62.603538790589155,1.8084346757187608,61.219132801866614,65.75928446432043
internal_test,grud,12,emitted_FiO2_bounds,5,12.926307602566592,1.7656735349418082,11.10246937585067,15.263464903752674
internal_test,grud,12,emitted_O2Sat_bounds,5,130.51915224577095,14.27247875438516,110.92747423682675,148.5125413182967
internal_test,grud,12,emitted_SaO2_bounds,5,191.32218549484736,7.002429996052647,181.13941279408905,196.8403655454015
internal_test,grud,12,emitted_pressure_order,5,163.80322768811976,12.264437058895473,149.46529263076025,175.57845615399572
internal_test,grud,12,pressure_order,5,133.18102274936808,10.572820772285487,119.1425238187828,142.77658953917947
internal_test,grud,24,FiO2_bounds,5,6.282325490958585,0.7777683257848974,5.774839587789228,7.651176356212328
internal_test,grud,24,O2Sat_bounds,5,124.51487458681704,17.522999072277415,97.23896558428932,143.40851643009916
internal_test,grud,24,SaO2_bounds,5,88.21699397238964,1.5316780600826128,86.74897919502236,90.48220882753256
internal_test,grud,24,emitted_FiO2_bounds,5,12.739646120941085,2.025197215169454,10.314991250243049,15.778728368656424
internal_test,grud,24,emitted_O2Sat_bounds,5,125.2517985611511,17.703667690539984,97.67645343184913,144.85708730313047
internal_test,grud,24,emitted_SaO2_bounds,5,187.35951779117246,8.186228374101972,174.47015360684426,194.7890336379545
internal_test,grud,24,emitted_pressure_order,5,171.89966945362627,14.2273215087155,156.98036165662066,190.0349990278048
internal_test,grud,24,pressure_order,5,150.67081469959166,12.983944653465242,135.95177911724673,165.54540151662454
internal_test,hourly_median,1,pressure_order,1,0.0,0.0,0.0,0.0
internal_test,hourly_median,3,pressure_order,1,0.0,0.0,0.0,0.0
internal_test,hourly_median,6,pressure_order,1,0.0,0.0,0.0,0.0
internal_test,hourly_median,12,pressure_order,1,0.0,0.0,0.0,0.0
internal_test,hourly_median,24,pressure_order,1,0.0,0.0,0.0,0.0
internal_test,locf,1,pressure_order,1,44.91541901613844,0.0,44.91541901613844,44.91541901613844
internal_test,locf,3,pressure_order,1,44.91541901613844,0.0,44.91541901613844,44.91541901613844
internal_test,locf,6,pressure_order,1,44.91541901613844,0.0,44.91541901613844,44.91541901613844
internal_test,locf,12,pressure_order,1,44.91541901613844,0.0,44.91541901613844,44.91541901613844
internal_test,locf,24,pressure_order,1,44.91541901613844,0.0,44.91541901613844,44.91541901613844
internal_test,ridge_var,1,pressure_order,1,19.638343379350573,0.0,19.638343379350573,19.638343379350573
internal_test,ridge_var,3,pressure_order,1,11.6663426015944,0.0,11.6663426015944,11.6663426015944
internal_test,ridge_var,6,pressure_order,1,4.277658953917947,0.0,4.277658953917947,4.277658953917947
internal_test,ridge_var,12,pressure_order,1,0.58331713007972,0.0,0.58331713007972,0.58331713007972
internal_test,ridge_var,24,pressure_order,1,0.0,0.0,0.0,0.0
internal_test,rssm,1,FiO2_bounds,5,0.05249854170717474,0.04043677686775309,0.0097219521679953,0.1069414738479486
internal_test,rssm,1,O2Sat_bounds,5,20.0077775617344,8.133930993895369,10.052498541707177,31.139412794089058
internal_test,rssm,1,SaO2_bounds,5,7.956445654287381,1.6494345532258579,5.6970639704452655,9.702508263659343
internal_test,rssm,1,emitted_FiO2_bounds,5,0.4822088275325685,0.25690615011716994,0.2236048998638926,0.9138635037915612
internal_test,rssm,1,emitted_O2Sat_bounds,5,22.60742757145635,9.272608694447072,11.403849893058526,35.60178883919891
internal_test,rssm,1,emitted_SaO2_bounds,5,167.53256853976276,48.501595386332085,103.89850281936612,226.10344157106744
internal_test,rssm,1,emitted_pressure_order,5,0.7913669064748201,0.3904910163351879,0.262492708535874,1.2055220688314214
internal_test,rssm,1,pressure_order,5,19.912502430488043,3.9037929663826407,16.546762589928058,24.178495041804393
internal_test,rssm,3,FiO2_bounds,5,0.10694147384794861,0.08363139477972607,0.029165856503986,0.2236048998638926
internal_test,rssm,3,O2Sat_bounds,5,17.04258215049582,7.411762823285785,8.85669842504375,28.281158856698426
internal_test,rssm,3,SaO2_bounds,5,22.665759284464322,5.458547594521846,15.448181994944584,28.786700369434183
internal_test,rssm,3,emitted_FiO2_bounds,5,0.3441571067470348,0.19463338528084306,0.116663426015944,0.6513707952556873
internal_test,rssm,3,emitted_O2Sat_bounds,5,17.05813727396461,7.543246962102227,8.846976472875754,28.48531985222633
internal_test,rssm,3,emitted_SaO2_bounds,5,166.4378767256465,47.13570549428586,105.8526152051332,225.71456348434765
internal_test,rssm,3,emitted_pressure_order,5,0.466653704063776,0.19673445795107972,0.204160995527902,0.6610927474236826
internal_test,rssm,3,pressure_order,5,6.993972389655843,2.6224648363446246,4.6957028971417465,9.89694730701925
internal_test,rssm,6,FiO2_bounds,5,0.13610733035193462,0.08613671566531864,0.0680536651759673,0.2819366128718646
internal_test,rssm,6,O2Sat_bounds,5,13.700174995139022,7.323409829740123,6.484542096052888,25.55901224965973
internal_test,rssm,6,SaO2_bounds,5,42.66575928446432,10.74552732488315,28.514485708730312,55.37623954890142
internal_test,rssm,6,emitted_FiO2_bounds,5,0.19443904335990664,0.07372035236293557,0.1263853781839393,0.3111024693758507
internal_test,rssm,6,emitted_O2Sat_bounds,5,13.752673536846197,7.43906157695096,6.455376239548902,25.76317324518763
internal_test,rssm,6,emitted_SaO2_bounds,5,166.4437098969473,46.7183642483122,104.74431265798172,225.1993000194439
internal_test,rssm,6,emitted_pressure_order,5,0.3013805172078553,0.17754211907203654,0.0680536651759673,0.5347073692397434
internal_test,rssm,6,pressure_order,5,3.4260159440015547,1.6416805200181466,2.012444098775034,5.337351740229438
internal_test,rssm,12,FiO2_bounds,5,0.14777367295352903,0.06643729171016872,0.0972195216799533,0.2527707563678786
internal_test,rssm,12,O2Sat_bounds,5,11.578845032082443,5.965794178527508,5.6970639704452655,21.077192300213884
internal_test,rssm,12,SaO2_bounds,5,74.45070970250826,19.907017615013313,48.34726813144079,97.62784367100916
internal_test,rssm,12,emitted_FiO2_bounds,5,0.11277464514874583,0.08846442283552267,0.0388878086719813,0.2430488041998833
internal_test,rssm,12,emitted_O2Sat_bounds,5,11.590511374684036,6.054077484612858,5.6970639704452655,21.26190939140579
internal_test,rssm,12,emitted_SaO2_bounds,5,164.8045887614233,45.266952544263724,103.57767839782228,220.6299825004861
internal_test,rssm,12,emitted_pressure_order,5,0.19443904335990664,0.11063393619231038,0.0777756173439626,0.3694341823838227
internal_test,rssm,12,pressure_order,5,2.329379739451682,1.1712350140164214,1.31246354267937,3.704063776006222
internal_test,rssm,24,FiO2_bounds,5,0.0855531790783589,0.05643758613144077,0.0388878086719813,0.174995139023916
internal_test,rssm,24,O2Sat_bounds,5,10.353879058915028,5.0478188191042355,5.269298075053471,18.695314019055026
internal_test,rssm,24,SaO2_bounds,5,114.7579233910169,31.311586447794152,72.97297297297297,150.24304880419987
internal_test,rssm,24,emitted_FiO2_bounds,5,0.07777561734396263,0.035720733172999855,0.0486097608399766,0.1361073303519346
internal_test,rssm,24,emitted_O2Sat_bounds,5,10.349990278047832,5.054791575238972,5.259576122885475,18.685592066887033
internal_test,rssm,24,emitted_SaO2_bounds,5,164.02099941668288,45.87879740845607,100.50554151273576,217.23702119385572
internal_test,rssm,24,emitted_pressure_order,5,0.15944001555512344,0.10302517434757108,0.029165856503986,0.3013805172078553
internal_test,rssm,24,pressure_order,5,1.9035582344934858,1.162076292860506,0.9235854559595568,3.490180828310325
internal_test,transformer,1,FiO2_bounds,5,3.004083219910558,0.22392169563058567,2.673536846198717,3.3054637371184135
internal_test,transformer,1,O2Sat_bounds,5,126.18510596927865,5.290267962760694,118.05366517596734,131.32412988528097
internal_test,transformer,1,SaO2_bounds,5,10.013610733035193,0.5705386253595647,9.02197161189967,10.37332296325102
internal_test,transformer,1,emitted_FiO2_bounds,5,24.491541901613846,3.16205205224719,21.193855726229827,28.52420766089831
internal_test,transformer,1,emitted_O2Sat_bounds,5,139.57223410460819,5.649590275309795,131.0519152245771,144.82792144662648
internal_test,transformer,1,emitted_SaO2_bounds,5,195.12541318296712,2.8253321122800386,191.12385767062025,198.05560956640093
internal_test,transformer,1,emitted_pressure_order,5,141.93855726229827,11.80237065052152,128.46587594789034,154.63737118413377
internal_test,transformer,1,pressure_order,5,93.23157690064166,10.09726042755798,80.51720785533735,105.74567373128524
internal_test,transformer,3,FiO2_bounds,5,5.599844448765312,0.47647484949806923,4.987361462181606,5.97900058331713
internal_test,transformer,3,O2Sat_bounds,5,144.70931363017695,10.124691828559559,128.23254909585845,154.3846004277659
internal_test,transformer,3,SaO2_bounds,5,23.88100330546374,1.2363059147077726,22.428543651565235,25.179856115107913
internal_test,transformer,3,emitted_FiO2_bounds,5,24.32626871475792,3.2388870046568203,20.84386544818199,27.863114913474625
internal_test,transformer,3,emitted_O2Sat_bounds,5,147.71728563095468,10.376314287335088,130.69220299436128,156.72759090025278
internal_test,transformer,3,emitted_SaO2_bounds,5,194.76570095275127,1.233933669528518,193.3404627649232,196.73342407155357
internal_test,transformer,3,emitted_pressure_order,5,166.2764923196578,16.579959857882674,149.70834143496015,184.70736923974337
internal_test,transformer,3,pressure_order,5,117.63173245187633,15.81925275074581,99.50418043943225,136.54481819949447
internal_test,transformer,6,FiO2_bounds,5,6.663426015944002,0.9792327434261038,5.337351740229438,7.777561734396267
internal_test,transformer,6,O2Sat_bounds,5,147.35951779117246,10.758429729605089,130.5852615205133,157.95255687342018
internal_test,transformer,6,SaO2_bounds,5,38.26754812366323,1.6895986505690261,36.72953529068637,40.66692591872448
internal_test,transformer,6,emitted_FiO2_bounds,5,23.702119385572626,3.2489434695099266,20.357767839782227,27.77561734396267
internal_test,transformer,6,emitted_O2Sat_bounds,5,148.22088275325683,10.884058702810252,130.9838615594011,157.9428349212522
internal_test,transformer,6,emitted_SaO2_bounds,5,190.53470736923975,2.3464430539855408,186.5642621038305,192.41687730896365
internal_test,transformer,6,emitted_pressure_order,5,175.81956056776204,19.192831891105843,156.39704452654092,196.44176550651372
internal_test,transformer,6,pressure_order,5,129.1794672370212,18.732712952744045,107.5053470736924,150.06805366517597
internal_test,transformer,12,FiO2_bounds,5,6.93758506708147,1.1047064130434248,5.298463931557457,7.933112969084192
internal_test,transformer,12,O2Sat_bounds,5,150.62998250048608,13.113692588519768,130.48804199883335,163.1149134746257
internal_test,transformer,12,SaO2_bounds,5,56.482597705619284,2.5607371024931296,53.41240521096636,60.05249854170717
internal_test,transformer,12,emitted_FiO2_bounds,5,23.116857865059302,3.4098172486089697,19.093914057942836,27.377017305074855
internal_test,transformer,12,emitted_O2Sat_bounds,5,151.29301963834337,13.411784502527789,130.65331518568928,163.28018666148162
internal_test,transformer,12,emitted_SaO2_bounds,5,185.6834532374101,3.659631292115262,182.86019832782424,191.9113357962279
internal_test,transformer,12,emitted_pressure_order,5,190.95080692202993,22.220866782238172,169.23974334046275,218.4425432626871
internal_test,transformer,12,pressure_order,5,148.00311102469374,21.484445949738546,123.9451681897725,174.96597316741202
internal_test,transformer,24,FiO2_bounds,5,7.408127552012445,0.9682254162747502,5.852615205133191,8.370600816643982
internal_test,transformer,24,O2Sat_bounds,5,152.6968695314019,16.462507170258625,131.17830060276103,169.25918724479877
internal_test,transformer,24,SaO2_bounds,5,77.4956251215244,5.481118167375792,71.78689480847754,83.07408127552013
internal_test,transformer,24,emitted_FiO2_bounds,5,22.0766089830838,3.7811982899786285,17.616177328407545,26.278436710091388
internal_test,transformer,24,emitted_O2Sat_bounds,5,153.65545401516624,16.03015780504374,131.93661287186467,169.75500680536652
internal_test,transformer,24,emitted_SaO2_bounds,5,178.1217188411433,6.838889268772366,171.8452265214855,189.07252576317325
internal_test,transformer,24,emitted_pressure_order,5,210.48415321796614,27.069464826549723,186.2045498736146,248.9597511180245
internal_test,transformer,24,pressure_order,5,171.78300602761036,27.625279574442676,142.75714563484348,211.50106941473848
