evaluation,split,model,seed,horizon_hours,patient_nmae,patient_crps,coverage_90,mean_interval_width_scaled,patient_nll,mask_brier,coverage_error_90
recalibrated,external_test,grud,20260912,1,0.37624984956289065,0.2880569510796271,0.8987365559845181,1.6969099556964187,0.7616932782940293,0.06400282892466963,0.0012634440154819515
recalibrated,external_test,grud,20260912,3,0.4363625922854469,0.32859492946508634,0.8846759398522227,1.8538238644906275,0.8991289335452396,0.061178739686815524,0.015324060147777319
recalibrated,external_test,grud,20260912,6,0.4834918199554325,0.36522304626670277,0.8974728695358235,2.1545586601053515,1.0161544567184666,0.06242336845285377,0.002527130464176519
recalibrated,external_test,grud,20260912,12,0.5214177432427437,0.39017789679782866,0.8871951760598354,2.2129109733772263,1.0941523974926382,0.06246144555024608,0.012804823940164578
recalibrated,external_test,grud,20260912,24,0.5606425324304202,0.4174596362372863,0.8825083432327497,2.3264626777563775,1.17371216993391,0.06594532485128395,0.017491656767250285
recalibrated,external_test,grud,20260913,1,0.37807037099482205,0.28894539071148406,0.9007130770526559,1.6979640370285254,0.7861476649987256,0.062252530207950386,0.0007130770526558861
recalibrated,external_test,grud,20260913,3,0.43743149831632955,0.32826793000462473,0.8802401551385761,1.8146133210878015,0.8992062541340006,0.058712223978869216,0.019759844861423903
recalibrated,external_test,grud,20260913,6,0.483440693641038,0.3624107077232286,0.8907643137872321,2.083999384281749,1.0084274306305447,0.059265925815294766,0.009235686212767935
recalibrated,external_test,grud,20260913,12,0.5217840799200922,0.3886007201731008,0.8862875154549628,2.1933020402992627,1.0877923754296766,0.05893757250653091,0.013712484545037262
recalibrated,external_test,grud,20260913,24,0.5624462120413831,0.418533659791432,0.8862571168147706,2.359531946031413,1.172599321255572,0.06335464248015853,0.013742883185229426
recalibrated,external_test,grud,20260914,1,0.3769867258814906,0.2880265918382754,0.8970613521056667,1.6821380280295553,0.788007259693501,0.06338768078127018,0.0029386478943332905
recalibrated,external_test,grud,20260914,3,0.43597354293040397,0.32753778796677413,0.8834720644974018,1.8250670933095363,0.8935047087111586,0.06047569339262784,0.016527935502598234
recalibrated,external_test,grud,20260914,6,0.48199886170676065,0.36168324135680663,0.8897213465346977,2.0676815558850703,1.0066127402383767,0.061480238198321234,0.010278653465302323
recalibrated,external_test,grud,20260914,12,0.5197925517479932,0.3867799524418981,0.8836179679945255,2.1685225369366905,1.0886126864374712,0.06144299569206821,0.0163820320054745
recalibrated,external_test,grud,20260914,24,0.5563406048696,0.41297047386565133,0.8865973718298354,2.325036183496425,1.1545976643928146,0.06512483990771607,0.013402628170164577
recalibrated,external_test,grud,20260915,1,0.3780082161133657,0.28851969800247734,0.896353974604632,1.6891940364009075,0.769904274114589,0.06344356542524446,0.003646025395368069
recalibrated,external_test,grud,20260915,3,0.43797619222883366,0.3278321875310199,0.8807481300754629,1.8218872524727845,0.8964516334160432,0.06103187665873473,0.01925186992453709
recalibrated,external_test,grud,20260915,6,0.48446110174906687,0.36137631447418495,0.8840698636896249,2.0387968252780335,1.002876800537191,0.06304320400702373,0.015930136310375098
recalibrated,external_test,grud,20260915,12,0.5234771297863247,0.3885630835220069,0.8803199371321091,2.1700806974831743,1.0802219450326513,0.06441513477707758,0.019680062867890924
recalibrated,external_test,grud,20260915,24,0.5642600747524824,0.41765995560260977,0.8763965985664265,2.293319955051526,1.1648384005020191,0.06981834930542118,0.023603401433573534
recalibrated,external_test,grud,20260916,1,0.37583533797308705,0.28920436072907707,0.9079517964607787,1.758081097744714,0.7714236859516195,0.06324627631974607,0.007951796460778704
recalibrated,external_test,grud,20260916,3,0.43594784761237754,0.32700658269785265,0.8800888886306454,1.8119310337540249,0.8974929364227893,0.05987545360818017,0.01991111136935464
recalibrated,external_test,grud,20260916,6,0.4814560484970058,0.3604010141953019,0.8832553392836267,2.0213435881272224,1.0066054964076336,0.06082252026671488,0.016744660716373372
recalibrated,external_test,grud,20260916,12,0.521345260987547,0.3882040025259223,0.8831281305427744,2.1747098675190366,1.0863752441878105,0.06114139278196673,0.01687186945722563
recalibrated,external_test,grud,20260916,24,0.5599782691469277,0.41590236979855955,0.8824206744287334,2.3048016716967306,1.1691158988869272,0.06551030389438739,0.017579325571266624
recalibrated,external_test,rssm,20260912,1,0.506474583959051,0.3850244713053095,0.8887012518941124,2.2335230661864838,1.0701963030073682,0.07219368080249948,0.011298748105887602
recalibrated,external_test,rssm,20260912,3,0.5538157738254371,0.41651790809238276,0.872532512910892,2.301542513895479,1.148781736495114,0.06786144357887583,0.027467487089108067
recalibrated,external_test,rssm,20260912,6,0.5907242987332336,0.4451795089836391,0.8773873591428295,2.5129243050278935,1.216654821343347,0.06636681708306932,0.02261264085717052
recalibrated,external_test,rssm,20260912,12,0.6164592913720108,0.4646724385129887,0.8743227224394533,2.580520853416226,1.2672725202925834,0.06512061852069143,0.02567727756054672
recalibrated,external_test,rssm,20260912,24,0.6437266360060483,0.4854558494473652,0.8768927464107406,2.7197732639861245,1.335892553488534,0.06805376466832483,0.02310725358925947
recalibrated,external_test,rssm,20260913,1,0.4924792619600237,0.3755908758161504,0.895017832786808,2.2247203732659435,1.0520002056966646,0.07135401753929078,0.004982167213192001
recalibrated,external_test,rssm,20260913,3,0.5478516879249903,0.41435625226318495,0.8784658006064335,2.346950122392532,1.1400341952049367,0.06697491230068528,0.02153419939356649
recalibrated,external_test,rssm,20260913,6,0.5921344838389663,0.4482987431234323,0.8818509540920907,2.5736563962500245,1.2252301299472146,0.06541616389409693,0.018149045907909334
recalibrated,external_test,rssm,20260913,12,0.6232319274213537,0.47168505203941213,0.8784316460381005,2.676214725030141,1.2810343700875968,0.06409915874342793,0.02156835396189949
recalibrated,external_test,rssm,20260913,24,0.6534830552808274,0.49481450628951945,0.878988851011222,2.795970981187608,1.3390257057410724,0.06700765342657311,0.021011148988777983
recalibrated,external_test,rssm,20260914,1,0.5067167952685495,0.38811595664235576,0.8973364845486278,2.3309896285549576,1.0729580953929077,0.07142919059901946,0.0026635154513722226
recalibrated,external_test,rssm,20260914,3,0.5550510329137057,0.41936766050248786,0.8728843925687505,2.340786147344258,1.1586740144855574,0.06709588307217346,0.027115607431249522
recalibrated,external_test,rssm,20260914,6,0.5943314882487896,0.4499924536599746,0.8780901537796816,2.5569080889517513,1.2316461394766463,0.06558740077750895,0.02190984622031844
recalibrated,external_test,rssm,20260914,12,0.6254974780638867,0.47452468815165233,0.8793851085533778,2.696511493251005,1.288927461206289,0.06437066944239465,0.020614891446622208
recalibrated,external_test,rssm,20260914,24,0.6550720013672785,0.4976704872980339,0.8762765365258466,2.7903701889344967,1.3586752538443334,0.06743024856166835,0.02372346347415344
recalibrated,external_test,rssm,20260915,1,0.47246522578619393,0.36305537686409095,0.9001416647613001,2.202784127719818,1.008960687045537,0.07153419707478027,0.00014166476130006433
recalibrated,external_test,rssm,20260915,3,0.5326613783018294,0.40244560658090495,0.8728799015645063,2.25164765480269,1.1196066701624978,0.06715872289745038,0.027120098435493678
recalibrated,external_test,rssm,20260915,6,0.5801877264046017,0.4375462878743625,0.8779293340042171,2.4928392432668995,1.2078448100367265,0.06567593145316221,0.02207066599578289
recalibrated,external_test,rssm,20260915,12,0.6176380329540859,0.46495516643381873,0.8765541847355749,2.617221277458773,1.2682993333593382,0.0645176262609183,0.02344581526442513
recalibrated,external_test,rssm,20260915,24,0.6511468252045164,0.49165889188896994,0.8813238164036129,2.78975453292285,1.3400459473531983,0.06764247595664524,0.01867618359638712
recalibrated,external_test,rssm,20260916,1,0.5006341311755295,0.38462576890104566,0.8987583754885737,2.29401205539672,1.068609842252279,0.07095631575463396,0.001241624511426287
recalibrated,external_test,rssm,20260916,3,0.5495835386382584,0.4168849744247712,0.8782269487520509,2.3484019359746706,1.1473973025206188,0.06671539454990105,0.02177305124794915
recalibrated,external_test,rssm,20260916,6,0.5930889905881812,0.45086415791717943,0.8849329604477437,2.604219759485006,1.2259793458934594,0.06540394140335891,0.0150670395522563
recalibrated,external_test,rssm,20260916,12,0.6271200871891894,0.47727355450215553,0.8830922009635738,2.7442115090144195,1.2918579921752658,0.06448062623573159,0.016907799036426252
recalibrated,external_test,rssm,20260916,24,0.6660697940939593,0.5057933682462532,0.8760735014521259,2.8347340641586865,1.3607880702512078,0.06788097314148378,0.023926498547874098
recalibrated,external_test,transformer,20260912,1,0.3762525927301835,0.287671491789773,0.8993098489891903,1.7022550898005429,0.7514398173559961,0.06240716822273436,0.0006901510108097142
recalibrated,external_test,transformer,20260912,3,0.43720517335556913,0.3268731951067192,0.8814231006431448,1.8413628179670267,0.8885873461552704,0.05899737917992634,0.018576899356855248
recalibrated,external_test,transformer,20260912,6,0.48170002260671074,0.36088906451859903,0.8936582763863935,2.139810458229085,1.0042841453260614,0.05995820868455798,0.00634172361360652
recalibrated,external_test,transformer,20260912,12,0.5186350329575298,0.38636535081018886,0.8893976924918794,2.2589438782865283,1.0841919790177987,0.06179497627809255,0.010602307508120634
recalibrated,external_test,transformer,20260912,24,0.5566634203997427,0.4135723864188611,0.880540629681884,2.3566252281691202,1.1810953586373405,0.06856043082124248,0.019459370318116065
recalibrated,external_test,transformer,20260913,1,0.3786294081809303,0.28950957915879516,0.9015876371811596,1.7196384492271377,0.7672303591184059,0.0633164108664376,0.001587637181159618
recalibrated,external_test,transformer,20260913,3,0.4416472680412595,0.32924661543246875,0.8802956762232194,1.8441706824821698,0.900762576758199,0.058897939323009386,0.019704323776780663
recalibrated,external_test,transformer,20260913,6,0.4873554938477696,0.3634081172740353,0.8926286016291433,2.1514728881098297,1.011749113361533,0.0594694230497953,0.007371398370856763
recalibrated,external_test,transformer,20260913,12,0.5273265004021508,0.39060553091049705,0.8898499086194315,2.30596138786954,1.0999775843280164,0.06153094563450331,0.010150091380568549
recalibrated,external_test,transformer,20260913,24,0.5696882785020309,0.4212586771359841,0.8818508108751988,2.43748895810453,1.1871874124174242,0.07006403099869124,0.018149189124801235
recalibrated,external_test,transformer,20260914,1,0.3769351437009843,0.2881641086733599,0.9001635704980572,1.7038662753525358,0.7562499801607666,0.06278431531144235,0.00016357049805715285
recalibrated,external_test,transformer,20260914,3,0.43937496459919884,0.3282408287968981,0.8780085476605201,1.8238463582259286,0.8907390429290876,0.06002358115944033,0.021991452339479967
recalibrated,external_test,transformer,20260914,6,0.48398148463293106,0.3623479215708025,0.8898559836583468,2.1197363798991096,1.001659659332954,0.06169384410508503,0.010144016341653184
recalibrated,external_test,transformer,20260914,12,0.520621819065988,0.3878922416083987,0.8868207047236025,2.2642485053744186,1.0909824982496306,0.06309475169586026,0.013179295276397496
recalibrated,external_test,transformer,20260914,24,0.5576373507753078,0.4151326048237674,0.8818569419098736,2.381107985436863,1.1739461295609126,0.06838359683483801,0.018143058090126396
recalibrated,external_test,transformer,20260915,1,0.3778357422851455,0.2887628599953456,0.9012832910192948,1.7135689305804611,0.7589312103824832,0.06276468629002097,0.0012832910192948077
recalibrated,external_test,transformer,20260915,3,0.4392677050585067,0.3281572984321024,0.8801020486542824,1.832404711392077,0.8953300341553875,0.06007116751878419,0.01989795134571759
recalibrated,external_test,transformer,20260915,6,0.48382519547203146,0.36080935259062247,0.8828175390689014,2.054772240461316,1.00196138180819,0.06146495147248573,0.017182460931098653
recalibrated,external_test,transformer,20260915,12,0.5192763517241253,0.3871242008013679,0.8815198275533258,2.214188124658822,1.0856995423857956,0.06325684351458553,0.018480172446674215
recalibrated,external_test,transformer,20260915,24,0.5580518022314668,0.4164362189980062,0.8785675623951548,2.353710382656363,1.1738259954947543,0.06984866851936287,0.021432437604845256
recalibrated,external_test,transformer,20260916,1,0.3745293304576786,0.2876249615899497,0.906299536124898,1.7410583004907794,0.751778007542441,0.06346717490340807,0.006299536124897975
recalibrated,external_test,transformer,20260916,3,0.436819549518199,0.32632457638573587,0.8780811890251141,1.8170536073271664,0.8895619375077053,0.06083670868579309,0.021918810974885905
recalibrated,external_test,transformer,20260916,6,0.4807691029120544,0.35864562985519427,0.8826456821997765,2.0514847175107334,1.0020752416619372,0.06219409152100136,0.017354317800223562
recalibrated,external_test,transformer,20260916,12,0.5177793354344691,0.38507980051978274,0.8854437326541017,2.2343666549465877,1.0822131965245863,0.06424789274358032,0.014556267345898322
recalibrated,external_test,transformer,20260916,24,0.5534502486112906,0.411508215327098,0.8839490716062426,2.370145300055907,1.1676901135073572,0.0714773318982405,0.016050928393757435
zero_shot,external_test,global_median,-1,1,0.6633621348717863,,,,,,
zero_shot,external_test,global_median,-1,3,0.6639278444566871,,,,,,
zero_shot,external_test,global_median,-1,6,0.6658232321325104,,,,,,
zero_shot,external_test,global_median,-1,12,0.6634230813143884,,,,,,
zero_shot,external_test,global_median,-1,24,0.6697730318621201,,,,,,
zero_shot,external_test,grud,20260912,1,0.376249849403773,0.2827254223080289,0.850015227565011,1.4174319914678946,0.7912304911567942,0.06400282892466963,0.049984772434989
zero_shot,external_test,grud,20260912,3,0.4363625925787457,0.32487418188751443,0.8397035150008635,1.5958839417976065,0.9260846620526278,0.061178739686815524,0.060296484999136535
zero_shot,external_test,grud,20260912,6,0.4834918198569465,0.35880865810856566,0.8328847270531285,1.7370805377160483,1.0497645142515752,0.06242336845285377,0.06711527294687147
zero_shot,external_test,grud,20260912,12,0.5214177430890261,0.38578565432517153,0.8366571445089368,1.8803746375235775,1.1249765791877933,0.06246144555024608,0.06334285549106322
zero_shot,external_test,grud,20260912,24,0.5606425324652764,0.4138696576415087,0.8412525122127538,2.03831836852285,1.2006367818263644,0.06594532485128395,0.058747487787246255
zero_shot,external_test,grud,20260913,1,0.37807037112418734,0.2845556668004875,0.8643158877796997,1.4814858611681476,0.8072967061870351,0.062252530207950386,0.035684112220300324
zero_shot,external_test,grud,20260913,3,0.4374314980750521,0.32602656618549614,0.856294770428159,1.6675258572546008,0.9112816023071431,0.058712223978869216,0.043705229571840976
zero_shot,external_test,grud,20260913,6,0.4834406935830656,0.35831705292354765,0.8505598303287287,1.8218481770300186,1.0236788861630781,0.059265925815294766,0.049440169671271295
zero_shot,external_test,grud,20260913,12,0.521784079225229,0.38537195638321053,0.8531693315672471,1.9701363849300382,1.1009807249814374,0.05893757250653091,0.046830668432752964
zero_shot,external_test,grud,20260913,24,0.5624462118682542,0.415022382243589,0.8525142283203064,2.1094077173084926,1.1883810023455494,0.06335464248015853,0.04748577167969359
zero_shot,external_test,grud,20260914,1,0.37698672620017126,0.28377778804872444,0.8610791998129335,1.468008279885636,0.8128895811893221,0.06338768078127018,0.03892080018706656
zero_shot,external_test,grud,20260914,3,0.43597354339631744,0.32489394140075833,0.8537445074155533,1.6502404519884584,0.9072801079099108,0.06047569339262784,0.04625549258444672
zero_shot,external_test,grud,20260914,6,0.4819988613928114,0.35748385518720804,0.8457986369521476,1.7874465343997554,1.0267775256288842,0.061480238198321234,0.05420136304785239
zero_shot,external_test,grud,20260914,12,0.5197925520773483,0.3836207076119942,0.8462120871048378,1.9238653349506736,1.1085797635850976,0.06144299569206821,0.05378791289516227
zero_shot,external_test,grud,20260914,24,0.5563406045879643,0.4094822975776425,0.8477544857327846,2.0550419144611505,1.1728165350968343,0.06512483990771607,0.052245514267215465
zero_shot,external_test,grud,20260915,1,0.37800821663165707,0.2839191247987397,0.8545211407785517,1.4515567424240414,0.7945534808154768,0.06344356542524446,0.04547885922144834
zero_shot,external_test,grud,20260915,3,0.4379761920083461,0.3251234700095264,0.8464943765809323,1.6247488794266232,0.9166297568581381,0.06103187665873473,0.05350562341906773
zero_shot,external_test,grud,20260915,6,0.48446110213505555,0.3577853377366034,0.8378244886640348,1.7583270902601926,1.0291442544627405,0.06304320400702373,0.06217551133596522
zero_shot,external_test,grud,20260915,12,0.5234771296969704,0.38537096328342874,0.8370830482743614,1.8954440295222796,1.1036535599764483,0.06441513477707758,0.0629169517256386
zero_shot,external_test,grud,20260915,24,0.5642600744053162,0.415038733683962,0.8395757128510978,2.050549815568825,1.1865519227977617,0.06981834930542118,0.060424287148902245
zero_shot,external_test,grud,20260916,1,0.3758353381297128,0.28219351467046516,0.8501610731959164,1.4153593317102773,0.8011424768552761,0.06324627631974607,0.04983892680408364
zero_shot,external_test,grud,20260916,3,0.43594784735228,0.32411322106188906,0.8433128176680483,1.5984343279119717,0.921693615937919,0.05987545360818017,0.05668718233195169
zero_shot,external_test,grud,20260916,6,0.4814560483082449,0.35672033517904794,0.8366808688569171,1.7387502069591325,1.0366123647406225,0.06082252026671488,0.06331913114308296
zero_shot,external_test,grud,20260916,12,0.5213452611032688,0.38468591525361023,0.837732470133859,1.8881279833275317,1.1119544812065556,0.06114139278196673,0.062267529866141036
zero_shot,external_test,grud,20260916,24,0.5599782691194269,0.4126805783979355,0.8416147486455459,2.029864498106113,1.1948451984606125,0.06551030389438739,0.05838525135445416
zero_shot,external_test,hourly_median,-1,1,0.6698902053534631,,,,,,
zero_shot,external_test,hourly_median,-1,3,0.6707439764838267,,,,,,
zero_shot,external_test,hourly_median,-1,6,0.6719050173153197,,,,,,
zero_shot,external_test,hourly_median,-1,12,0.6617272366683973,,,,,,
zero_shot,external_test,hourly_median,-1,24,0.662441769155088,,,,,,
zero_shot,external_test,locf,-1,1,0.38526378215079654,,,,,,
zero_shot,external_test,locf,-1,3,0.4613848849535536,,,,,,
zero_shot,external_test,locf,-1,6,0.5223365130796808,,,,,,
zero_shot,external_test,locf,-1,12,0.5752986591510477,,,,,,
zero_shot,external_test,locf,-1,24,0.6033291539173524,,,,,,
zero_shot,external_test,ridge_var,-1,1,0.3609548725896776,,,,,,
zero_shot,external_test,ridge_var,-1,3,0.42511477798939784,,,,,,
zero_shot,external_test,ridge_var,-1,6,0.47822298411483627,,,,,,
zero_shot,external_test,ridge_var,-1,12,0.5300539742222081,,,,,,
zero_shot,external_test,ridge_var,-1,24,0.5862053668638448,,,,,,
zero_shot,external_test,rssm,20260912,1,0.5064745840552397,0.3958910778400534,0.5546355619885017,0.9591357698968072,2.4120722786945112,0.07219368080249948,0.3453644380114983
zero_shot,external_test,rssm,20260912,3,0.5538157735544204,0.43706168312658417,0.5183826111360026,0.9733774813246678,2.751332831785272,0.06786144357887583,0.38161738886399743
zero_shot,external_test,rssm,20260912,6,0.5907242986871,0.4695556554558052,0.49944144447655825,0.986318713707674,3.097128491027319,0.06636681708306932,0.4005585555234418
zero_shot,external_test,rssm,20260912,12,0.6164592914671948,0.4920772929177891,0.48997293524275665,1.00136481662551,3.3187230294994055,0.06512061852069143,0.4100270647572434
zero_shot,external_test,rssm,20260912,24,0.6437266358440142,0.5152662963782844,0.4846429269040763,1.026280836902535,3.6480146701297325,0.06805376466832483,0.41535707309592373
zero_shot,external_test,rssm,20260913,1,0.492479262217285,0.3812178141206336,0.5855215134850448,1.0009493973053127,2.171246854540188,0.07135401753929078,0.31447848651495525
zero_shot,external_test,rssm,20260913,3,0.5478516878324591,0.42944705385146775,0.540714122599675,1.0178255322639074,2.521972680739165,0.06697491230068528,0.359285877400325
zero_shot,external_test,rssm,20260913,6,0.592134483651656,0.4683589768402866,0.511608957242946,1.0278553580540297,2.954712424098688,0.06541616389409693,0.38839104275705405
zero_shot,external_test,rssm,20260913,12,0.6232319274540873,0.49598156189316733,0.5016539369577618,1.0406137572422112,3.211726822329968,0.06409915874342793,0.3983460630422382
zero_shot,external_test,rssm,20260913,24,0.6534830549903484,0.5227463840363176,0.4914471848427773,1.0498207908595507,3.5405476086165812,0.06700765342657311,0.40855281515722275
zero_shot,external_test,rssm,20260914,1,0.5067167954037244,0.395820973411261,0.5581409223086593,0.9717870271915605,2.3940581423108607,0.07142919059901946,0.3418590776913407
zero_shot,external_test,rssm,20260914,3,0.555051033219214,0.4385170664069777,0.5186791706597139,0.9769864817350719,2.83158202801786,0.06709588307217346,0.3813208293402861
zero_shot,external_test,rssm,20260914,6,0.594331488308827,0.47355333230340857,0.49360526005337063,0.9838342757332372,3.2461896319607857,0.06558740077750895,0.4063947399466294
zero_shot,external_test,rssm,20260914,12,0.6254974785419052,0.5014602293447049,0.48401605633239086,0.9939222119493932,3.5574461176077152,0.06437066944239465,0.41598394366760916
zero_shot,external_test,rssm,20260914,24,0.6550720013922556,0.5288376678064729,0.46866709631716463,0.9944422840265885,4.077711391973478,0.06743024856166835,0.4313329036828354
zero_shot,external_test,rssm,20260915,1,0.47246522507799127,0.3657124017161851,0.5885646552425688,0.9697764212003632,2.1284783210899896,0.07153419707478027,0.3114353447574312
zero_shot,external_test,rssm,20260915,3,0.5326613785467531,0.4171249204658996,0.5442507553957218,1.0011696901238794,2.510921505087859,0.06715872289745038,0.35574924460427826
zero_shot,external_test,rssm,20260915,6,0.5801877267803823,0.4565743370988302,0.5240936658075838,1.0371673562987993,2.816160627400905,0.06567593145316221,0.37590633419241626
zero_shot,external_test,rssm,20260915,12,0.617638033552027,0.48676054871421215,0.5222836585512868,1.090227015015117,2.879795091091272,0.0645176262609183,0.37771634144871324
zero_shot,external_test,rssm,20260915,24,0.6511468250587954,0.514004743935717,0.5204199463844712,1.1335237225785346,3.0942918451405137,0.06764247595664524,0.3795800536155288
zero_shot,external_test,rssm,20260916,1,0.500634130635908,0.3907718392935238,0.575872181590419,0.9753282579957867,2.327063276552549,0.07095631575463396,0.32412781840958105
zero_shot,external_test,rssm,20260916,3,0.5495835384904341,0.4329846081275341,0.536658414649381,0.988316948112982,2.6712623342638864,0.06671539454990105,0.363341585350619
zero_shot,external_test,rssm,20260916,6,0.5930889907484207,0.471534708369525,0.5081124010904488,0.9976057720438688,3.0880905339670983,0.06540394140335891,0.39188759890955127
zero_shot,external_test,rssm,20260916,12,0.6271200874082715,0.502164026371456,0.49256944484243426,1.0082711377934144,3.4600648399151015,0.06448062623573159,0.40743055515756577
zero_shot,external_test,rssm,20260916,24,0.6660697944182625,0.537555953742621,0.4732519310429013,1.0156666795466038,3.9218263633836346,0.06788097314148378,0.4267480689570987
zero_shot,external_test,transformer,20260912,1,0.37625259256253885,0.2823163314454869,0.8523514649782657,1.4279966221330804,0.778961904019264,0.06240716822273436,0.04764853502173427
zero_shot,external_test,transformer,20260912,3,0.4372051729206471,0.32474921885884295,0.8592219671933655,1.7044740885499237,0.8965752090506228,0.05899737917992634,0.0407780328066345
zero_shot,external_test,transformer,20260912,6,0.4817000228598004,0.3563817192641316,0.8537338323722451,1.8688398546651002,1.013456522591885,0.05995820868455798,0.04626616762775493
zero_shot,external_test,transformer,20260912,12,0.5186350327786623,0.38316956976068206,0.863260737758559,2.063766281134457,1.0887041786108411,0.06179497627809255,0.03673926224144097
zero_shot,external_test,transformer,20260912,24,0.5566634202937728,0.41226389877431674,0.8704092600421852,2.275076379665623,1.1842723000783848,0.06856043082124248,0.029590739957814804
zero_shot,external_test,transformer,20260913,1,0.37862940813318535,0.28459637354068823,0.8627606489092551,1.4835094414806038,0.7864535264636173,0.0633164108664376,0.03723935109074494
zero_shot,external_test,transformer,20260913,3,0.44164726807108323,0.3285616043101155,0.8738430499479526,1.803531808054959,0.902184084623908,0.058897939323009386,0.026156950052047434
zero_shot,external_test,transformer,20260913,6,0.487355493209532,0.3608466401383401,0.8736095296711026,2.010373942674606,1.0114620592092094,0.0594694230497953,0.02639047032889741
zero_shot,external_test,transformer,20260913,12,0.5273265003742186,0.38973992556424897,0.8840027553479599,2.2590071751723872,1.0993425044124265,0.06153094563450331,0.01599724465204011
zero_shot,external_test,transformer,20260913,24,0.5696882785758006,0.4227618423106968,0.8903436129650331,2.517881847868565,1.1882208855319571,0.07006403099869124,0.009656387034966962
zero_shot,external_test,transformer,20260914,1,0.37693514351307705,0.2832512479436376,0.8588498402422089,1.4604644707855274,0.7755400114179277,0.06278431531144235,0.04115015975779113
zero_shot,external_test,transformer,20260914,3,0.43937496439679385,0.3273428156416516,0.8687382116352591,1.7682994735122985,0.8930389117940883,0.06002358115944033,0.03126178836474092
zero_shot,external_test,transformer,20260914,6,0.4839814844656733,0.35922376354888663,0.8645625027226007,1.9396767592469737,1.004221377950677,0.06169384410508503,0.03543749727739931
zero_shot,external_test,transformer,20260914,12,0.520621818800447,0.3856601394411074,0.8705252668570845,2.1346585731034113,1.0928539840804148,0.06309475169586026,0.029474733142915488
zero_shot,external_test,transformer,20260914,24,0.5576373508729605,0.4141200309326066,0.8742296789053604,2.3213910165853147,1.1751826818580735,0.06838359683483801,0.025770321094639614
zero_shot,external_test,transformer,20260915,1,0.37783574239087653,0.28347487499476065,0.8556226076878769,1.4472981405535703,0.7816772745849,0.06276468629002097,0.04437739231212312
zero_shot,external_test,transformer,20260915,3,0.4392677052258919,0.3267141364850362,0.8653976848724791,1.7405758640698055,0.9002021116623109,0.06007116751878419,0.03460231512752088
zero_shot,external_test,transformer,20260915,6,0.4838251954167953,0.35863380835087333,0.8628421286154158,1.9148252754550847,1.007364366346457,0.06146495147248573,0.03715787138458426
zero_shot,external_test,transformer,20260915,12,0.5192763517887745,0.3855245349133043,0.8687141145402001,2.1167253867157956,1.0879673821076674,0.06325684351458553,0.031285885459799934
zero_shot,external_test,transformer,20260915,24,0.5580518022823581,0.4156948445869097,0.8730846991367567,2.309434289783528,1.1750848112858132,0.06984866851936287,0.02691530086324334
zero_shot,external_test,transformer,20260916,1,0.3745293300704606,0.2805262879292578,0.8405295847085889,1.3666338055045082,0.7917505798775886,0.06346717490340807,0.05947041529141117
zero_shot,external_test,transformer,20260916,3,0.4368195496153101,0.3239796754109696,0.8482339228569173,1.6454871298423517,0.9048553409164377,0.06083670868579309,0.05176607714308268
zero_shot,external_test,transformer,20260916,6,0.4807691030382569,0.35520181204810763,0.8436084004890091,1.799251125330193,1.02181739419723,0.06219409152100136,0.05639159951099093
zero_shot,external_test,transformer,20260916,12,0.517779334841175,0.3814764611080471,0.8501597498617285,1.9860247751594453,1.094554663912879,0.06424789274358032,0.049840250138271536
zero_shot,external_test,transformer,20260916,24,0.5534502483930864,0.4085588092673036,0.8573476885008874,2.172139653192228,1.177769101411788,0.0714773318982405,0.04265231149911264
zero_shot,internal_test,global_median,-1,1,0.6099562722414755,,,,,,
zero_shot,internal_test,global_median,-1,3,0.6185126314442865,,,,,,
zero_shot,internal_test,global_median,-1,6,0.618890212671302,,,,,,
zero_shot,internal_test,global_median,-1,12,0.6196818214300599,,,,,,
zero_shot,internal_test,global_median,-1,24,0.6293810190601083,,,,,,
zero_shot,internal_test,grud,20260912,1,0.35054337499831656,0.2626407907765724,0.8608650050461293,1.3663839926436603,0.6514644278418315,0.076796685759242,0.03913499495387074
zero_shot,internal_test,grud,20260912,3,0.41210816805288175,0.3058338576485548,0.8506963890347896,1.5496131345461044,0.8312267082613324,0.07747638717444205,0.04930361096521041
zero_shot,internal_test,grud,20260912,6,0.4520064820892951,0.33414536072905243,0.8449602066085982,1.6971498901129218,0.9705821840913077,0.07500940569009308,0.05503979339140186
zero_shot,internal_test,grud,20260912,12,0.4948916878537441,0.36256075538522525,0.8440896557806503,1.8382804504936079,1.0427104233652162,0.07314122357780296,0.055910344219349706
zero_shot,internal_test,grud,20260912,24,0.538230947015283,0.39506083447838863,0.8458050388745477,1.9971436738248451,1.1321421669749063,0.07463752234039082,0.0541949611254523
zero_shot,internal_test,grud,20260913,1,0.3522925891956311,0.2646257681212739,0.8644015233313391,1.4008594178781846,0.6491930776523307,0.07681946312690893,0.035598476668660894
zero_shot,internal_test,grud,20260913,3,0.4126510378868282,0.3059889488478568,0.8593850014440182,1.5866009989418952,0.8215029211551346,0.07718675367237932,0.04061499855598183
zero_shot,internal_test,grud,20260913,6,0.45673371832821924,0.3369380216354827,0.8519881983314783,1.7262071201444744,0.944926180923017,0.07473364213207476,0.0480118016685217
zero_shot,internal_test,grud,20260913,12,0.49789708593105136,0.36496060114474854,0.8500405652182877,1.8877556814407082,1.020851264965412,0.07300594699829131,0.049959434781712275
zero_shot,internal_test,grud,20260913,24,0.5461261807515035,0.3992140437803555,0.8532416505135598,2.045661984145201,1.1288114111426153,0.07474053553613998,0.0467583494864402
zero_shot,internal_test,grud,20260914,1,0.35216892263315974,0.2647977506225507,0.8697203027798476,1.4175601947334124,0.6402471451872825,0.07663398054533463,0.030279697220152446
zero_shot,internal_test,grud,20260914,3,0.41219921558577594,0.30686189122671187,0.8595525474584228,1.5978621700725077,0.8243807648620187,0.07713987117508074,0.04044745254157722
zero_shot,internal_test,grud,20260914,6,0.4535752973971002,0.3352967668090683,0.8536107180630377,1.7282075105648795,0.9443946289296796,0.07461489375527047,0.046389281936962345
zero_shot,internal_test,grud,20260914,12,0.4992676275286896,0.3659496742520679,0.8469733857744373,1.8699167246105133,1.0370273587856524,0.0727668076952315,0.05302661422556276
zero_shot,internal_test,grud,20260914,24,0.5481575957860584,0.40103430207777696,0.8435889053075025,2.0129857776884847,1.1596625966534586,0.07425433044016072,0.0564110946924975
zero_shot,internal_test,grud,20260915,1,0.35175554417962945,0.26427486964393826,0.8626437801956565,1.383434783868909,0.6412138099949637,0.07654761091228568,0.03735621980434356
zero_shot,internal_test,grud,20260915,3,0.41295578970476887,0.30630931063380473,0.8503231614393187,1.563841128394291,0.8286839648397563,0.07716695829754577,0.04967683856068128
zero_shot,internal_test,grud,20260915,6,0.4550251522588667,0.33603781373418473,0.8492801399099908,1.7051401045308245,0.955614478774068,0.0747335355190287,0.05071986009000917
zero_shot,internal_test,grud,20260915,12,0.49782016513032723,0.36368169028498115,0.8450036674417283,1.8422077923834224,1.0196285703341934,0.07305726540245573,0.05499633255827174
zero_shot,internal_test,grud,20260915,24,0.545661769373193,0.3989919844074386,0.8401818082634407,1.9921719725822433,1.1310518407953183,0.07447994353203413,0.059818191736559334
zero_shot,internal_test,grud,20260916,1,0.351502920251713,0.2634521471563489,0.8580850335338374,1.3599064001332193,0.6524306967221273,0.07646053457138689,0.04191496646616266
zero_shot,internal_test,grud,20260916,3,0.4115486693255626,0.3067604755570647,0.8438631690873241,1.534628862050578,0.8398960868425277,0.07708418132652066,0.05613683091267596
zero_shot,internal_test,grud,20260916,6,0.45385932883158464,0.3347292614320118,0.8376672742930873,1.6533226188222008,0.9609936249275447,0.07450526240072408,0.06233272570691273
zero_shot,internal_test,grud,20260916,12,0.495679071471324,0.36336468677475203,0.8339546406362714,1.7917623848536948,1.0338376254591295,0.07280094768576947,0.06604535936372857
zero_shot,internal_test,grud,20260916,24,0.5392865778434943,0.39478555242153063,0.835425558581285,1.9425186615865102,1.1358100701997134,0.07417684828872932,0.06457444141871505
zero_shot,internal_test,hourly_median,-1,1,0.6097004891654547,,,,,,
zero_shot,internal_test,hourly_median,-1,3,0.6186654915080656,,,,,,
zero_shot,internal_test,hourly_median,-1,6,0.6187792563523559,,,,,,
zero_shot,internal_test,hourly_median,-1,12,0.6179801683956204,,,,,,
zero_shot,internal_test,hourly_median,-1,24,0.6235370466251433,,,,,,
zero_shot,internal_test,locf,-1,1,0.3656905092424367,,,,,,
zero_shot,internal_test,locf,-1,3,0.443160874075707,,,,,,
zero_shot,internal_test,locf,-1,6,0.5004412454937223,,,,,,
zero_shot,internal_test,locf,-1,12,0.5525316803882975,,,,,,
zero_shot,internal_test,locf,-1,24,0.5998320297536803,,,,,,
zero_shot,internal_test,ridge_var,-1,1,0.34166485606415126,,,,,,
zero_shot,internal_test,ridge_var,-1,3,0.40898282516158935,,,,,,
zero_shot,internal_test,ridge_var,-1,6,0.4592656116444388,,,,,,
zero_shot,internal_test,ridge_var,-1,12,0.5102423620124077,,,,,,
zero_shot,internal_test,ridge_var,-1,24,0.5664272839548364,,,,,,
zero_shot,internal_test,rssm,20260912,1,0.4809790249458674,0.372671552636276,0.5866578203142896,1.0025196503622158,2.0522219151145022,0.09275877730668708,0.31334217968571043
zero_shot,internal_test,rssm,20260912,3,0.5305971028746475,0.4147274863821738,0.5481119983317616,1.0151718154502791,2.4147996674111956,0.0890574432211578,0.3518880016682384
zero_shot,internal_test,rssm,20260912,6,0.5596586482881943,0.4400601849970249,0.5250085115452766,1.0205614156119993,2.807941670992813,0.08423285116720658,0.3749914884547234
zero_shot,internal_test,rssm,20260912,12,0.5888923182585164,0.4643535020763742,0.5041595696069825,1.0290157293482498,2.9301635895668467,0.07960464561856322,0.39584043039301753
zero_shot,internal_test,rssm,20260912,24,0.6152190176528975,0.4876808994197802,0.49845496867617184,1.0426171211337014,3.1889703378579064,0.07878103634241207,0.4015450313238282
zero_shot,internal_test,rssm,20260913,1,0.47560591900566185,0.3657499397914429,0.6042474056224374,1.0354745485976096,1.8507698930781107,0.09201899767375794,0.2957525943775626
zero_shot,internal_test,rssm,20260913,3,0.5323015510167297,0.4139550217165569,0.5575275199721363,1.049517443359089,2.28464822139951,0.08852487273040503,0.3424724800278637
zero_shot,internal_test,rssm,20260913,6,0.5661839975006044,0.443989880066697,0.5287572561495364,1.0564408290608,2.678755782707468,0.0838367701500351,0.37124274385046363
zero_shot,internal_test,rssm,20260913,12,0.5978898071915432,0.4710059873164806,0.504501290401735,1.0543116996516788,2.85837549519314,0.07941977724440201,0.39549870959826505
zero_shot,internal_test,rssm,20260913,24,0.6231372142012186,0.4940195619124403,0.49694648088782495,1.056172044455098,3.1205416075566363,0.0788615184882922,0.4030535191121751
zero_shot,internal_test,rssm,20260914,1,0.48789723833734394,0.37682636708998374,0.590178253710662,1.029001383140523,2.040091908378578,0.09305292341379436,0.309821746289338
zero_shot,internal_test,rssm,20260914,3,0.5334486407212263,0.41775376732382014,0.5445918301400988,1.0258893506593418,2.50334839963363,0.08940428370918663,0.3554081698599012
zero_shot,internal_test,rssm,20260914,6,0.5652629399281353,0.44520290528678524,0.5144069569012142,1.026510781785703,3.0047301232403756,0.08454682723763081,0.38559304309878584
zero_shot,internal_test,rssm,20260914,12,0.5957067012208328,0.47238872757956685,0.4955223435380006,1.0211531032094017,3.1422584340263877,0.07987920434426352,0.4044776564619994
zero_shot,internal_test,rssm,20260914,24,0.6228403512803923,0.4962078130804429,0.48336069521185543,1.022950158695523,3.4620698961911454,0.07906446368415676,0.4166393047881446
zero_shot,internal_test,rssm,20260915,1,0.4544028197622263,0.35016915121659425,0.6221312820405235,1.019125033787522,1.7894815194864262,0.09309735706752052,0.27786871795947654
zero_shot,internal_test,rssm,20260915,3,0.5184448815457621,0.4023449479905484,0.5711792238991786,1.046980057783761,2.246316320049308,0.08946145215746837,0.3288207761008214
zero_shot,internal_test,rssm,20260915,6,0.5585631061164409,0.4355317160756935,0.5444706979719476,1.0781122758381865,2.6134053600040676,0.08459222058358755,0.35552930202805244
zero_shot,internal_test,rssm,20260915,12,0.5959557928831346,0.4644768067279373,0.5277716126242404,1.119402370470686,2.5680271060228654,0.07983911883439447,0.3722283873757596
zero_shot,internal_test,rssm,20260915,24,0.6256950542424421,0.4890744754444622,0.5237056395012407,1.148934955133546,2.778588675247417,0.0788491713338815,0.3762943604987593
zero_shot,internal_test,rssm,20260916,1,0.4821456112308249,0.37247555042931085,0.5921725920857464,1.012818473392479,2.036277856338333,0.09298190333316717,0.30782740791425367
zero_shot,internal_test,rssm,20260916,3,0.5316259696519494,0.4145770031888178,0.550664602958727,1.0266661349332278,2.324357264055861,0.08934907371279893,0.34933539704127303
zero_shot,internal_test,rssm,20260916,6,0.5631144836707996,0.4420454574765515,0.5263430560533991,1.0267063370932634,2.770473606580518,0.08442726751815946,0.3736569439466009
zero_shot,internal_test,rssm,20260916,12,0.5922635303339192,0.46739948441506546,0.50144650003928,1.0263713092001523,2.9026572864853577,0.07972900817480902,0.39855349996072
zero_shot,internal_test,rssm,20260916,24,0.6246046747826163,0.49627405959906024,0.4896097012288316,1.0325102621873499,3.2255546145325393,0.07883191216318801,0.41039029877116845
zero_shot,internal_test,transformer,20260912,1,0.34982774801969907,0.261744844728876,0.8573150310793065,1.3579786821234079,0.641328099086064,0.07559429643152557,0.04268496892069351
zero_shot,internal_test,transformer,20260912,3,0.41309397116152363,0.30658015034533637,0.8606512425387989,1.6120628780979696,0.8157801754333337,0.07686456025624963,0.039348757461201145
zero_shot,internal_test,transformer,20260912,6,0.4537603677636063,0.33507549121964375,0.8532247742150549,1.7598979248272548,0.9856944355227176,0.07389543552635842,0.046775225784945085
zero_shot,internal_test,transformer,20260912,12,0.4939503044092115,0.36269362252824106,0.8523928450289783,1.9245182330027117,1.0577415728525899,0.07226844776803328,0.04760715497102175
zero_shot,internal_test,transformer,20260912,24,0.5385638526514265,0.3970937804288539,0.8580935970665668,2.118404405844528,1.1489498747899045,0.07414726598617717,0.04190640293343317
zero_shot,internal_test,transformer,20260913,1,0.3521791911847552,0.2636635604836444,0.8633570431966462,1.394826739788676,0.6399783279458745,0.07560348323487771,0.03664295680335383
zero_shot,internal_test,transformer,20260913,3,0.4166121483433858,0.30845979490128406,0.8702694780901611,1.6703770325688396,0.8133221863235285,0.07687606921616759,0.029730521909838936
zero_shot,internal_test,transformer,20260913,6,0.461262746815272,0.3395331745139834,0.8642103273800051,1.8268171163963747,0.9463623262382629,0.07406542299703,0.03578967261999488
zero_shot,internal_test,transformer,20260913,12,0.5020501997303319,0.36738441276634437,0.8638368954132952,2.028439549017652,1.0214821821099322,0.07256424234360723,0.0361631045867048
zero_shot,internal_test,transformer,20260913,24,0.5489369554996034,0.4027189583034055,0.8703797010839595,2.2435368816519237,1.1416819097989617,0.07443604514993614,0.029620298916040566
zero_shot,internal_test,transformer,20260914,1,0.3516125177775115,0.26379990228036476,0.866492760991448,1.3972050791231083,0.6277382987594436,0.07551523073705331,0.033507239008552014
zero_shot,internal_test,transformer,20260914,3,0.4135400075504731,0.307793313045422,0.8695278323826288,1.6723027774094292,0.8166438265605016,0.07691029840900451,0.03047216761737126
zero_shot,internal_test,transformer,20260914,6,0.454584089562896,0.33598054358029167,0.8604510710188829,1.8157368412035104,0.9370701737007028,0.074128517347659,0.03954892898111717
zero_shot,internal_test,transformer,20260914,12,0.49518432953650626,0.3639101870434009,0.8639322343994859,1.9916985454781515,1.0310381199386938,0.07254056103131737,0.03606776560051417
zero_shot,internal_test,transformer,20260914,24,0.5408343513710089,0.3982917214845174,0.8643014455567379,2.16030086231776,1.1204144840226213,0.07431843153388422,0.03569855444326209
zero_shot,internal_test,transformer,20260915,1,0.3505814040429022,0.26292609981214893,0.8632385535584122,1.3784175371568002,0.6261461414190661,0.07567544521960719,0.03676144644158785
zero_shot,internal_test,transformer,20260915,3,0.4134013416294754,0.3071968028795465,0.8664585762042388,1.6447490427155897,0.8137920081792515,0.07690338790322067,0.033541423795761194
zero_shot,internal_test,transformer,20260915,6,0.4525592426530097,0.33491746522513066,0.865934264425392,1.7956415199636098,0.9684508120371783,0.07416787611867494,0.034065735574608014
zero_shot,internal_test,transformer,20260915,12,0.49145596835725835,0.3615488123137773,0.8643297738156037,1.9592903535110167,1.0137980446445203,0.07255249351167446,0.0356702261843963
zero_shot,internal_test,transformer,20260915,24,0.5372478922001905,0.39725202176217855,0.8596319417141705,2.1169904360769194,1.1315003771856906,0.07425178925235784,0.04036805828582957
zero_shot,internal_test,transformer,20260916,1,0.34851557230536234,0.26109687000596543,0.8476292278505211,1.3156632923577734,0.6428718065200092,0.07524821286986377,0.05237077214947894
zero_shot,internal_test,transformer,20260916,3,0.4105909947501768,0.3056057651357475,0.8489547341070555,1.5658116657084278,0.8270013070321814,0.07686704833968538,0.05104526589294456
zero_shot,internal_test,transformer,20260916,6,0.4532706700083992,0.3341659282447906,0.8393473919890349,1.6845365197021447,0.9644414701041478,0.07416437197530483,0.06065260801096517
zero_shot,internal_test,transformer,20260916,12,0.49265999989798576,0.36177324442178177,0.8361799555414694,1.8399563870376459,1.0247457412966519,0.07272870755853166,0.06382004445853062
zero_shot,internal_test,transformer,20260916,24,0.5366902300558527,0.39388255321568877,0.8394666300013728,1.9899755390109104,1.1356912055542592,0.07433045435115371,0.06053336999862724
