candidate_id,source_label,source_path,source_record_id,source_title,source_corpus_type,source_doi,source_arxiv_id,selected_as_canonical
MWM-0008,existing,output/literature-search/medical-world-models/final-corpus/included.csv,MWM-0008,A World Model of Radiologist Reading for Medical Image Representation Learning,empirical,,2605.23992,yes
MWM-0011,existing,output/literature-search/medical-world-models/final-corpus/included.csv,MWM-0011,Action-Conditioned World Model for Goal Plane Probe Guidance in Robotic Ultrasound,empirical,,2607.21918,yes
MWM-0012,existing,output/literature-search/medical-world-models/final-corpus/included.csv,MWM-0012,Affective Music Recommendation: A Rollout-Based World Model for Offline Preference Optimization,empirical,10.48550/arxiv.2605.28810,2605.28810,yes
MWM-0013,existing,output/literature-search/medical-world-models/final-corpus/included.csv,MWM-0013,Agentifying Patient Dynamics within LLMs through Interacting with Clinical World Model,empirical,10.48550/arxiv.2605.14723,2605.14723,yes
MWM-0018,existing,output/literature-search/medical-world-models/final-corpus/included.csv,MWM-0018,Arti-JEPA: Adapting Video World Model to Real-Time MRI of the Vocal Tract for Speech-Production Analysis,empirical,10.48550/arxiv.2609.09757,,yes
MWM-0032,existing,output/literature-search/medical-world-models/final-corpus/included.csv,MWM-0032,BLINK: Behavioral Latent Modeling of NK Cell Cytotoxicity,empirical,,2603.05110,yes
MWM-0034,existing,output/literature-search/medical-world-models/final-corpus/included.csv,MWM-0034,Brain-WM: Brain Glioblastoma World Model,empirical,10.48550/arxiv.2603.07562,2603.07562,yes
MWM-0040,existing,output/literature-search/medical-world-models/final-corpus/included.csv,MWM-0040,"CalTwin: Towards Calibrated, Shift-Robust Medical World Models via Fisher-Information Regularisation",empirical,10.48550/arxiv.2607.26752,2607.26752,yes
MWM-0046,existing,output/literature-search/medical-world-models/final-corpus/included.csv,MWM-0046,ChronoMedicalWorld: A Medical World Model for Learning Patient Trajectories from Longitudinal Care Data,empirical,10.48550/arxiv.2605.21963,2605.21963,yes
MWM-0054,existing,output/literature-search/medical-world-models/final-corpus/included.csv,MWM-0054,CrossScope: A Role-Asymmetric World Model for Joint Dual-Scope Surgical Video Prediction,empirical,10.48550/arxiv.2608.03211,2608.03211,yes
MWM-0068,existing,output/literature-search/medical-world-models/final-corpus/included.csv,MWM-0068,DreamReg: Belief-Driven World Model for 2D-3D Ultrasound Registration,empirical,10.48550/arxiv.2606.18825,2606.18825,yes
MWM-0073,existing,output/literature-search/medical-world-models/final-corpus/included.csv,MWM-0073,ECG-WM: A Physiology-Informed ECG World Model for Clinical Intervention Simulation,empirical,10.48550/arxiv.2605.17580,2605.17580,yes
MWM-0074,existing,output/literature-search/medical-world-models/final-corpus/included.csv,MWM-0074,EHRWorld: A Patient-Centric Medical World Model for Long-Horizon Clinical Trajectories,empirical,10.48550/arxiv.2602.03569,2602.03569,yes
MWM-0077,existing,output/literature-search/medical-world-models/final-corpus/included.csv,MWM-0077,EyeWorld: A Generative World Model of Ocular State and Dynamics,empirical,10.48550/arxiv.2603.14039,2603.14039,yes
MWM-0078,existing,output/literature-search/medical-world-models/final-corpus/included.csv,MWM-0078,Failure Detection for Surgical Robot Imitation Policies via Flow-Matching World Modeling,empirical,,2607.27511,yes
MWM-0094,existing,output/literature-search/medical-world-models/final-corpus/included.csv,MWM-0094,Future Querying: Can LLMs Serve as Implicit Medical World Models?,empirical,10.48550/arxiv.2608.23248,2608.23248,yes
MWM-0095,existing,output/literature-search/medical-world-models/final-corpus/included.csv,MWM-0095,"GEMEO: the first patient world model for rare disease, grounding generative clinical trajectories in the genome and a biomedical knowledge graph",empirical,10.5281/zenodo.20328323,,yes
MWM-0103,existing,output/literature-search/medical-world-models/final-corpus/included.csv,MWM-0103,Intervention-Aware Clinical World Model for Post-Op Outcome Forecasting in Cardiology,empirical,10.48550/arxiv.2608.13518,2608.13518,yes
MWM-0114,existing,output/literature-search/medical-world-models/final-corpus/included.csv,MWM-0114,medDreamer: Model-Based Reinforcement Learning with Latent Imagination on Complex EHRs for Clinical Decision Support,empirical,10.1145/3770854.3780292,,yes
MWM-0116,existing,output/literature-search/medical-world-models/final-corpus/included.csv,MWM-0116,"Medical world models in healthcare: foundations, applications, and challenges for trustworthy clinical translation",review,10.48550/arxiv.2607.25242,2607.25242,yes
MWM-0117,existing,output/literature-search/medical-world-models/final-corpus/included.csv,MWM-0117,"Medical world models: representing medical states, modelling clinical dynamics and guiding intervention policies",review,10.48550/arxiv.2606.16721,2606.16721,yes
MWM-0125,existing,output/literature-search/medical-world-models/final-corpus/included.csv,MWM-0125,MRI Contrast Enhancement Kinetics World Model,empirical,10.48550/arxiv.2602.19285,2602.19285,yes
MWM-0132,existing,output/literature-search/medical-world-models/final-corpus/included.csv,MWM-0132,NeuroWorld: A Latent Brain World Model for Stimulus-Conditioned Human Brain Dynamics,empirical,,2608.01773,yes
MWM-0135,existing,output/literature-search/medical-world-models/final-corpus/included.csv,MWM-0135,Nonstationary Battery,empirical,10.5281/zenodo.20036497,,yes
MWM-0136,existing,output/literature-search/medical-world-models/final-corpus/included.csv,MWM-0136,NVIDIA Cosmos-H-Dreams: Real-Time Generative Physics Simulation for Surgical Robotics,empirical,10.48550/arxiv.2608.24199,2608.24199,yes
MWM-0138,existing,output/literature-search/medical-world-models/final-corpus/included.csv,MWM-0138,Open-H-Embodiment: A Large-Scale Dataset for Enabling Foundation Models in Medical Robotics,empirical,10.48550/arxiv.2604.21017,2604.21017,yes
MWM-0149,existing,output/literature-search/medical-world-models/final-corpus/included.csv,MWM-0149,Policy4OOD: A Knowledge-Guided World Model for Policy Intervention Simulation against the Opioid Overdose Crisis,empirical,,2602.12373,yes
MWM-0151,existing,output/literature-search/medical-world-models/final-corpus/included.csv,MWM-0151,Progressive Experience Fusion for Multi-Task World Model Control in Endovascular Navigation,empirical,10.48550/arxiv.2608.18647,2608.18647,yes
MWM-0157,existing,output/literature-search/medical-world-models/final-corpus/included.csv,MWM-0157,SAW: Toward a Surgical Action World Model via Controllable and Scalable Video Generation,empirical,10.48550/arxiv.2603.13024,2603.13024,yes
MWM-0164,existing,output/literature-search/medical-world-models/final-corpus/included.csv,MWM-0164,Simulating clinical interventions with a generative multimodal model of human physiology,empirical,10.48550/arxiv.2604.27899,2604.27899,yes
MWM-0166,existing,output/literature-search/medical-world-models/final-corpus/included.csv,MWM-0166,Sonata: A Hybrid World Model for Inertial Kinematics under Clinical Data Scarcity,empirical,10.48550/arxiv.2604.18058,2604.18058,yes
MWM-0170,existing,output/literature-search/medical-world-models/final-corpus/included.csv,MWM-0170,Surg-UniWorld: A Unified Surgical World Model with Multimodal Control Experts,empirical,10.48550/arxiv.2608.06770,2608.06770,yes
MWM-0173,existing,output/literature-search/medical-world-models/final-corpus/included.csv,MWM-0173,Surgical WAM: A World-Action Model for Data-Efficient Surgical Robot Learning,empirical,10.48550/arxiv.2608.11204,2608.11204,yes
MWM-0174,existing,output/literature-search/medical-world-models/final-corpus/included.csv,MWM-0174,SurgVista: Long-Horizon Surgical World Modeling with Plausible Instrument-Tissue Dynamics,empirical,10.48550/arxiv.2606.19889,2606.19889,yes
MWM-0175,existing,output/literature-search/medical-world-models/final-corpus/included.csv,MWM-0175,SurgWMBench: A Vision-Based Benchmark for World-Modeling Surgical Instrument Motion Planning,empirical,10.48550/arxiv.2608.08070,2608.08070,yes
MWM-0177,existing,output/literature-search/medical-world-models/final-corpus/included.csv,MWM-0177,SWoMo: Neuro-Symbolic World Model for Cataract Surgery Simulation,empirical,10.48550/arxiv.2605.16530,2605.16530,yes
MWM-0199,existing,output/literature-search/medical-world-models/final-corpus/included.csv,MWM-0199,Toward Safe Autonomous Robotic Endovascular Interventions using World Models,empirical,10.48550/arxiv.2604.20151,2604.20151,yes
MWM-0200,existing,output/literature-search/medical-world-models/final-corpus/included.csv,MWM-0200,Toward World Modeling of Physiological Signals with Chaos-Theoretic Balancing and Latent Dynamics,empirical,10.48550/arxiv.2605.15465,2605.15465,yes
MWM-0215,existing,output/literature-search/medical-world-models/final-corpus/included.csv,MWM-0215,World Model Enhanced Offline Reinforcement Learning for Sequential Intervention Optimization in Acute Kidney Injury,empirical,10.53941/aim.2026.100002,,yes
MWM-0234,existing,output/literature-search/medical-world-models/final-corpus/included.csv,MWM-0234,"Beyond Generative AI: World Models for Clinical Prediction, Counterfactuals, and Planning",review,10.48550/arxiv.2511.16333,2511.16333,yes
MWM-0239,existing,output/literature-search/medical-world-models/final-corpus/included.csv,MWM-0239,CLARITY: Medical World Model for Guiding Treatment Decisions by Modeling Context-Aware Disease Trajectories in Latent Space,empirical,10.48550/arxiv.2512.08029,2512.08029,yes
MWM-0242,existing,output/literature-search/medical-world-models/final-corpus/included.csv,MWM-0242,EchoWorld: Learning Motion-Aware World Models for Echocardiography Probe Guidance,empirical,10.48550/arxiv.2504.13065,2504.13065,yes
MWM-0261,existing,output/literature-search/medical-world-models/final-corpus/included.csv,MWM-0261,Learning Emotional Dynamics: A World Model Approach,empirical,10.5281/zenodo.17609413,,yes
MWM-0263,existing,output/literature-search/medical-world-models/final-corpus/included.csv,MWM-0263,Medical World Model,empirical,10.1109/iccv51701.2025.00779,,yes
MWM-0290,existing,output/literature-search/medical-world-models/final-corpus/included.csv,MWM-0290,X-WIN: Building Chest Radiograph World Model via Predictive Sensing,empirical,,2511.14918,yes
MWM-0294,existing,output/literature-search/medical-world-models/final-corpus/included.csv,MWM-0294,Cardiac Copilot: Automatic Probe Guidance for Echocardiography with World Model,empirical,10.1007/978-3-031-72378-0_18,2406.13165,yes
MWM-0315,existing,output/literature-search/medical-world-models/final-corpus/included.csv,MWM-0315,World Models for General Surgical Grasping,empirical,10.15607/rss.2024.xx.041,2405.17940,yes
MWM-0369,existing,output/literature-search/medical-world-models/final-corpus/included.csv,MWM-0369,Data-Efficient Reinforcement Learning for Malaria Control,empirical,10.24963/ijcai.2021/71,2105.01620,yes
MWM-S002,existing,output/literature-search/medical-world-models/final-corpus/included.csv,MWM-S002,Xray2Xray: World Model from Chest X-rays with Volumetric Context,empirical,10.48550/arxiv.2506.19055,2506.19055,yes
MWM-S003,existing,output/literature-search/medical-world-models/final-corpus/included.csv,MWM-S003,Treatment-aware Diffusion Probabilistic Model for Longitudinal MRI Generation and Diffuse Glioma Growth Prediction,empirical,10.48550/arxiv.2309.05406,2309.05406,yes
MWM-S004,existing,output/literature-search/medical-world-models/final-corpus/included.csv,MWM-S004,Cosmos-H-Surgical: Learning Surgical Robot Policies from Videos via World Modeling,empirical,10.48550/arxiv.2512.23162,2512.23162,yes
MWM-S005,existing,output/literature-search/medical-world-models/final-corpus/included.csv,MWM-S005,Surgical Vision World Model,empirical,10.48550/arxiv.2503.02904,2503.02904,yes
MWM-S006,existing,output/literature-search/medical-world-models/final-corpus/included.csv,MWM-S006,Surgical Procedural Planning as 3D World Modelling: Towards Automated Pulmonary Resection,empirical,,,yes
MWM-X009A6E0F91,expanded_search,output/literature-search/medical-world-models/screening/expanded-search-screening/resolved-final/included.csv,ALT-009a6e0f911b,Towards Causality-Aware Inferring: A Sequential Discriminative Approach for Medical Diagnosis.,empirical,10.1109/tpami.2023.3292363,,yes
MWM-X056BF65776,expanded_search,output/literature-search/medical-world-models/screening/expanded-search-screening/resolved-final/included.csv,ALT-056bf65776d0,Generating whole-brain neural activity and behavior through unified latent dynamics,empirical,10.64898/2026.06.05.730482,,yes
MWM-X10E1E2640B,expanded_search,output/literature-search/medical-world-models/screening/expanded-search-screening/resolved-final/included.csv,ALT-10e1e2640b93,A Modular Framework to Predict Alzheimer’s Disease Progression Using Conditional Generative Adversarial Networks,empirical,10.1109/ijcnn48605.2020.9206875,,yes
MWM-X1305C7353F,expanded_search,output/literature-search/medical-world-models/screening/expanded-search-screening/resolved-final/included.csv,ALT-1305c7353fe7,Digital twin brain simulator for real-time consciousness monitoring and virtual intervention using primate electrocorticogram data,empirical,10.1038/s41746-025-01444-1,,yes
MWM-X198B3126D0,sampled_audit,output/literature-search/medical-world-models/screening/discovery-filter-audit/resolved-final/included.csv,AUD-144e1a6e24b3,"What Makes a Virtual Cell a World Model? Three Gaps, Three Experiments, and a Roadmap",review,10.21203/rs.3.rs-10404367/v1,,yes
MWM-X1BBCF32528,expanded_search,output/literature-search/medical-world-models/screening/expanded-search-screening/resolved-final/included.csv,ALT-1bbcf3252882,"CellPace: A temporal diffusion-forcing framework for simulation, interpolation and forecasting of single-cell dynamics",empirical,10.64898/2026.02.25.707938,,yes
MWM-X21155DF63C,expanded_search,output/literature-search/medical-world-models/screening/expanded-search-screening/resolved-final/included.csv,ALT-21155df63ca2,Modelling neural coding in the auditory midbrain with high resolution and accuracy.,empirical,10.1038/s42256-025-01104-9,,yes
MWM-X2BD39C3B8E,expanded_search,output/literature-search/medical-world-models/screening/expanded-search-screening/resolved-final/included.csv,AUD-eb75e7258782,Deep Generative Model of Macrophage Immune Response for Hepato-intestinal Tumor Therapy Optimization.,empirical,10.34133/cbsystems.0559,,yes
MWM-X2E0B832A46,expanded_search,output/literature-search/medical-world-models/screening/expanded-search-screening/resolved-final/included.csv,ALT-2e0b832a46b2,Type 1 diabetes prevention clinical trial simulator: Case reports of model-informed drug development tool.,empirical,10.1002/psp4.13193,,yes
MWM-X36A3691F14,expanded_search,output/literature-search/medical-world-models/screening/expanded-search-screening/resolved-final/included.csv,ALT-36a3691f146d,A data-driven Alzheimer's disease progression simulator for retrospective validation and prospective Phase III power design.,empirical,10.64898/2026.05.03.26352317,,yes
MWM-X531FFBB6AD,expanded_search,output/literature-search/medical-world-models/screening/expanded-search-screening/resolved-final/included.csv,ALT-531ffbb6add3,Data-driven discovery of digital twins in biomedical research.,review,10.1093/bib/bbaf722,,yes
MWM-X5E3C456867,sampled_audit,output/literature-search/medical-world-models/screening/discovery-filter-audit/resolved-final/included.csv,AUD-5087605e130b,Towards Surgical World-Action Modeling: A Preliminary Joint Visual-Trajectory Forecasting for Surgical Motion Planning,empirical,10.48550/arxiv.2608.20284,2608.20284,yes
MWM-X6A64D732FB,expanded_search,output/literature-search/medical-world-models/screening/expanded-search-screening/resolved-final/included.csv,ALT-6a64d732fb1e,Koopman-based linearization of preparatory EEG dynamics in Parkinson's disease during galvanic vestibular stimulation.,empirical,10.3389/fnhum.2025.1566566,,yes
MWM-X6C3AA8358E,sampled_audit,output/literature-search/medical-world-models/screening/discovery-filter-audit/resolved-final/included.csv,AUD-fa60370df827,Model-based reinforcement learning for ultrasound-driven autonomous microrobots.,empirical,10.1038/s42256-025-01054-2,,yes
MWM-X6FB8E7370E,expanded_search,output/literature-search/medical-world-models/screening/expanded-search-screening/resolved-final/included.csv,ALT-6fb8e7370e1e,Autosomal Dominant Tubulointerstitial Kidney Disease Clinical Trial Simulator: Case Reports of Model-Informed Drug Development.,empirical,10.1002/psp4.70258,,yes
MWM-X772584A789,expanded_search,output/literature-search/medical-world-models/screening/expanded-search-screening/resolved-final/included.csv,ALT-772584a789d2,Multi-Objective Model-based Reinforcement Learning for Infectious Disease Control,empirical,,,yes
MWM-X7FD0DBDE79,expanded_search,output/literature-search/medical-world-models/screening/expanded-search-screening/resolved-final/included.csv,ALT-7fd0dbde7906,Predictive modeling of hemodynamics during viscerosensory neurostimulation via neural computation mechanism in the brainstem.,empirical,10.1038/s41746-025-01635-w,,yes
MWM-X872C154484,expanded_search,output/literature-search/medical-world-models/screening/expanded-search-screening/resolved-final/included.csv,ALT-872c15448450,Development of a model-based clinical trial simulation platform to optimize the design of clinical trials for Duchenne muscular dystrophy.,empirical,10.1002/psp4.12753,,yes
MWM-X962473BB89,sampled_audit,output/literature-search/medical-world-models/screening/discovery-filter-audit/resolved-final/included.csv,AUD-12eef56fc6be,Chreode: A Cell World Model for One-Step Temporal Dynamics and Perturbation Prediction,empirical,,2605.28111,yes
MWM-X9655500E17,sampled_audit,output/literature-search/medical-world-models/screening/discovery-filter-audit/resolved-final/included.csv,AUD-90cdc2ad73d0,Medical World Model: From Passive Prediction to Active Simulation in Medicine,review,10.20944/preprints202604.2168.v1,,yes
MWM-X99717B78A9,expanded_search,output/literature-search/medical-world-models/screening/expanded-search-screening/resolved-final/included.csv,ALT-99717b78a904,"AI-powered in silico twins: redefining precision medicine through simulation, personalization, and predictive healthcare.",review,10.1007/s44446-025-00055-x,,yes
MWM-X9C071A2447,exhaustive_rescreen,output/literature-search/medical-world-models/screening/exhaustive-exclusion-rescreen/resolved-final/included.csv,AUD-93cb6bb435b3,Structure-aware World Model for Probe Guidance via Large-scale Self-supervised Pre-train,empirical,10.48550/arxiv.2406.19756,2406.19756,yes
MWM-XA5A2F4844E,exhaustive_rescreen,output/literature-search/medical-world-models/screening/exhaustive-exclusion-rescreen/resolved-final/included.csv,AUD-4dcfd3695dbe,Control of Magnetic Surgical Robots With Model-Based Simulators and Reinforcement Learning.,empirical,10.1109/tmrb.2022.3214426,,yes
MWM-XA5E34A98D0,sampled_audit,output/literature-search/medical-world-models/screening/discovery-filter-audit/resolved-final/included.csv,AUD-5b8afa4dfc3d,Towards Effective Patient Simulators,review,10.3389/frai.2021.798659,,yes
MWM-XA9B007D895,exhaustive_rescreen,output/literature-search/medical-world-models/screening/exhaustive-exclusion-rescreen/resolved-final/included.csv,AUD-4e37c79357ee,A Blood Glucose Control Framework Based on Reinforcement Learning With Safety and Interpretability: In Silico Validation,empirical,10.1109/access.2021.3100007,,yes
MWM-XB062A5A9FB,expanded_search,output/literature-search/medical-world-models/screening/expanded-search-screening/resolved-final/included.csv,ALT-b062a5a9fbf8,Optimized glycemic control of type 2 diabetes with reinforcement learning: a proof-of-concept trial.,empirical,10.1038/s41591-023-02552-9,,yes
MWM-XB41D731350,expanded_search,output/literature-search/medical-world-models/screening/expanded-search-screening/resolved-final/included.csv,ALT-b41d73135078,A digital twin for hospital antimicrobial resistance forecasting and constrained intervention optimisation,empirical,10.64898/2026.05.15.26353296,,yes
MWM-XB6F8EC5868,expanded_search,output/literature-search/medical-world-models/screening/expanded-search-screening/resolved-final/included.csv,ALT-b6f8ec5868d5,Simulating the outcome of amyloid treatments in Alzheimer's disease from imaging and clinical data.,empirical,10.1093/braincomms/fcab091,,yes
MWM-XBAD327876F,exhaustive_rescreen,output/literature-search/medical-world-models/screening/exhaustive-exclusion-rescreen/resolved-final/included.csv,AUD-d2a31182ebf8,OMG-RL:Offline Model-based Guided Reward Learning for Heparin Treatment,empirical,10.48550/arxiv.2409.13299,2409.13299,yes
MWM-XC0A20D0271,sampled_audit,output/literature-search/medical-world-models/screening/discovery-filter-audit/resolved-final/included.csv,AUD-669035784e86,Clin-JEPA: A Multi-Phase Co-Training Framework for Joint-Embedding Predictive Pretraining on EHR Patient Trajectories,empirical,,2605.10840,yes
MWM-XC71FC75483,expanded_search,output/literature-search/medical-world-models/screening/expanded-search-screening/resolved-final/included.csv,ALT-c71fc7548383,SimulAD: a dynamical model for personalized simulation and disease staging in Alzheimer's disease.,empirical,10.1016/j.neurobiolaging.2021.12.015,,yes
MWM-XC890A9B151,exhaustive_rescreen,output/literature-search/medical-world-models/screening/exhaustive-exclusion-rescreen/resolved-final/included.csv,AUD-6f1d52747327,Machine Learning for Mechanical Ventilation Control,empirical,10.1101/2021.02.26.21252524,2102.06779,yes
MWM-XCC1C1352D9,expanded_search,output/literature-search/medical-world-models/screening/expanded-search-screening/resolved-final/included.csv,ALT-cc1c1352d964,The Coupled Stochastic Dynamical System: A Generative Model for Simulating and Forecasting Youth Mental Health Trajectories,empirical,10.64898/2026.07.26.26358943,,yes
MWM-XD3411F7D18,expanded_search,output/literature-search/medical-world-models/screening/expanded-search-screening/resolved-final/included.csv,ALT-d3411f7d184d,"CardamomOT: a mechanistic optimal transport-based framework for gene regulatory network inference, trajectory reconstruction and generative modeling",empirical,10.64898/2026.03.31.715390,,yes
MWM-XD5F16C34AE,exhaustive_rescreen,output/literature-search/medical-world-models/screening/exhaustive-exclusion-rescreen/resolved-final/included.csv,AUD-33eaf98b7a7b,A Data-Driven Closed-Loop Control Approach to Drive Neural State Transitions for Mechanistic Insight.,empirical,10.1002/hbm.70600,,yes
MWM-XD7F5DAFF27,expanded_search,output/literature-search/medical-world-models/screening/expanded-search-screening/resolved-final/included.csv,ALT-d7f5daff27f0,DITTO: A Visual Digital Twin for Interventions and Temporal Treatment Outcomes in Head and Neck Cancer.,empirical,10.1109/tvcg.2024.3456160,,yes
MWM-XEA4B3285B2,expanded_search,output/literature-search/medical-world-models/screening/expanded-search-screening/resolved-final/included.csv,ALT-ea4b3285b2fe,Learning Temporal Basis Vectors for Closed-Loop Neural Stimulation.,empirical,10.1109/embc58623.2025.11254522,,yes
MWM-XF38CEA9063,expanded_search,output/literature-search/medical-world-models/screening/expanded-search-screening/resolved-final/included.csv,ALT-f38cea90635e,Digital twin models for predicting venetoclax and azacitidine-induced neutropenia in patients with acute myeloid leukemia.,empirical,10.1038/s41746-025-01978-4,,yes
MWM-XF6449FE2D4,expanded_search,output/literature-search/medical-world-models/screening/expanded-search-screening/resolved-final/included.csv,ALT-f6449fe2d40f,AKI-twinX: explainable organ structured digital twin for sepsis AKI trajectory forecasting,empirical,10.64898/2026.03.13.26346736,,yes
MWM-XFA677C184B,sampled_audit,output/literature-search/medical-world-models/screening/discovery-filter-audit/resolved-final/included.csv,AUD-13ca47847a68,DRIFT: Direct-Recursive Intervention-Conditioned Forecasting of ICU Physiological Trajectories,empirical,,2607.25864,yes
