split,model,seed,horizon_hours,constraint,violations_per_1000_states
external_test,global_median,-1,1,pressure_order,0.0
external_test,global_median,-1,3,pressure_order,0.0
external_test,global_median,-1,6,pressure_order,0.0
external_test,global_median,-1,12,pressure_order,0.0
external_test,global_median,-1,24,pressure_order,0.0
external_test,hourly_median,-1,1,pressure_order,0.0
external_test,hourly_median,-1,3,pressure_order,0.0
external_test,hourly_median,-1,6,pressure_order,0.0
external_test,hourly_median,-1,12,pressure_order,0.0
external_test,hourly_median,-1,24,pressure_order,0.0
external_test,locf,-1,1,pressure_order,5.320197044334975
external_test,locf,-1,3,pressure_order,5.320197044334975
external_test,locf,-1,6,pressure_order,5.320197044334975
external_test,locf,-1,12,pressure_order,5.320197044334975
external_test,locf,-1,24,pressure_order,5.320197044334975
internal_test,global_median,-1,1,pressure_order,0.0
internal_test,global_median,-1,3,pressure_order,0.0
internal_test,global_median,-1,6,pressure_order,0.0
internal_test,global_median,-1,12,pressure_order,0.0
internal_test,global_median,-1,24,pressure_order,0.0
internal_test,hourly_median,-1,1,pressure_order,0.0
internal_test,hourly_median,-1,3,pressure_order,0.0
internal_test,hourly_median,-1,6,pressure_order,0.0
internal_test,hourly_median,-1,12,pressure_order,0.0
internal_test,hourly_median,-1,24,pressure_order,0.0
internal_test,locf,-1,1,pressure_order,44.91541901613844
internal_test,locf,-1,3,pressure_order,44.91541901613844
internal_test,locf,-1,6,pressure_order,44.91541901613844
internal_test,locf,-1,12,pressure_order,44.91541901613844
internal_test,locf,-1,24,pressure_order,44.91541901613844
external_test,ridge_var,-1,1,pressure_order,3.0213464696223316
external_test,ridge_var,-1,3,pressure_order,2.561576354679803
external_test,ridge_var,-1,6,pressure_order,1.6420361247947455
external_test,ridge_var,-1,12,pressure_order,0.6239737274220033
external_test,ridge_var,-1,24,pressure_order,0.13136288998357964
internal_test,ridge_var,-1,1,pressure_order,19.638343379350573
internal_test,ridge_var,-1,3,pressure_order,11.6663426015944
internal_test,ridge_var,-1,6,pressure_order,4.277658953917947
internal_test,ridge_var,-1,12,pressure_order,0.58331713007972
internal_test,ridge_var,-1,24,pressure_order,0.0
external_test,grud,20260912,1,FiO2_bounds,1.8555008210180624
external_test,grud,20260912,1,O2Sat_bounds,123.28407224958949
external_test,grud,20260912,1,SaO2_bounds,6.981937602627258
external_test,grud,20260912,1,emitted_FiO2_bounds,17.87192118226601
external_test,grud,20260912,1,emitted_O2Sat_bounds,136.21018062397374
external_test,grud,20260912,1,emitted_SaO2_bounds,200.34811165845647
external_test,grud,20260912,1,emitted_pressure_order,101.95730706075534
external_test,grud,20260912,1,pressure_order,91.57142857142856
external_test,grud,20260912,3,FiO2_bounds,3.2939244663382596
external_test,grud,20260912,3,O2Sat_bounds,134.54351395730706
external_test,grud,20260912,3,SaO2_bounds,18.113300492610836
external_test,grud,20260912,3,emitted_FiO2_bounds,16.67487684729064
external_test,grud,20260912,3,emitted_O2Sat_bounds,136.38423645320196
external_test,grud,20260912,3,emitted_SaO2_bounds,196.64039408866995
external_test,grud,20260912,3,emitted_pressure_order,114.8784893267652
external_test,grud,20260912,3,pressure_order,115.34811165845647
external_test,grud,20260912,6,FiO2_bounds,4.2151067323481115
external_test,grud,20260912,6,O2Sat_bounds,135.58128078817734
external_test,grud,20260912,6,SaO2_bounds,31.23481116584565
external_test,grud,20260912,6,emitted_FiO2_bounds,14.87848932676519
external_test,grud,20260912,6,emitted_O2Sat_bounds,136.22988505747125
external_test,grud,20260912,6,emitted_SaO2_bounds,194.34975369458127
external_test,grud,20260912,6,emitted_pressure_order,127.1231527093596
external_test,grud,20260912,6,pressure_order,132.33169129720855
external_test,grud,20260912,12,FiO2_bounds,5.072249589490969
external_test,grud,20260912,12,O2Sat_bounds,135.21018062397374
external_test,grud,20260912,12,SaO2_bounds,51.216748768472904
external_test,grud,20260912,12,emitted_FiO2_bounds,13.898193760262728
external_test,grud,20260912,12,emitted_O2Sat_bounds,135.66174055829228
external_test,grud,20260912,12,emitted_SaO2_bounds,189.98686371100163
external_test,grud,20260912,12,emitted_pressure_order,144.82266009852216
external_test,grud,20260912,12,pressure_order,151.73563218390805
external_test,grud,20260912,24,FiO2_bounds,5.9786535303776684
external_test,grud,20260912,24,O2Sat_bounds,133.6206896551724
external_test,grud,20260912,24,SaO2_bounds,79.00821018062398
external_test,grud,20260912,24,emitted_FiO2_bounds,13.344827586206897
external_test,grud,20260912,24,emitted_O2Sat_bounds,134.311986863711
external_test,grud,20260912,24,emitted_SaO2_bounds,186.22331691297208
external_test,grud,20260912,24,emitted_pressure_order,164.56650246305418
external_test,grud,20260912,24,pressure_order,171.14285714285714
internal_test,grud,20260912,1,FiO2_bounds,1.924946529263076
internal_test,grud,20260912,1,O2Sat_bounds,131.50884697647288
internal_test,grud,20260912,1,SaO2_bounds,10.198327824227103
internal_test,grud,20260912,1,emitted_FiO2_bounds,14.932918530040832
internal_test,grud,20260912,1,emitted_O2Sat_bounds,145.38207272020222
internal_test,grud,20260912,1,emitted_SaO2_bounds,198.5028193661287
internal_test,grud,20260912,1,emitted_pressure_order,131.71300797200078
internal_test,grud,20260912,1,pressure_order,90.48220882753256
internal_test,grud,20260912,3,FiO2_bounds,4.015166245382073
internal_test,grud,20260912,3,O2Sat_bounds,148.1333851837449
internal_test,grud,20260912,3,SaO2_bounds,25.034026832587983
internal_test,grud,20260912,3,emitted_FiO2_bounds,14.45654287380906
internal_test,grud,20260912,3,emitted_O2Sat_bounds,150.2624927085359
internal_test,grud,20260912,3,emitted_SaO2_bounds,196.0431654676259
internal_test,grud,20260912,3,emitted_pressure_order,139.55862337157302
internal_test,grud,20260912,3,pressure_order,102.97491736340658
internal_test,grud,20260912,6,FiO2_bounds,5.0359712230215825
internal_test,grud,20260912,6,O2Sat_bounds,148.85280964417657
internal_test,grud,20260912,6,SaO2_bounds,40.82247715341241
internal_test,grud,20260912,6,emitted_FiO2_bounds,13.5426793700175
internal_test,grud,20260912,6,emitted_O2Sat_bounds,150.4374878475598
internal_test,grud,20260912,6,emitted_SaO2_bounds,190.9391405794283
internal_test,grud,20260912,6,emitted_pressure_order,146.10149718063388
internal_test,grud,20260912,6,pressure_order,113.1343573789617
internal_test,grud,20260912,12,FiO2_bounds,5.81372739646121
internal_test,grud,20260912,12,O2Sat_bounds,147.25840948862532
internal_test,grud,20260912,12,SaO2_bounds,61.714952362434374
internal_test,grud,20260912,12,emitted_FiO2_bounds,12.346879253354071
internal_test,grud,20260912,12,emitted_O2Sat_bounds,148.5125413182967
internal_test,grud,20260912,12,emitted_SaO2_bounds,186.89480847754228
internal_test,grud,20260912,12,emitted_pressure_order,151.76939529457516
internal_test,grud,20260912,12,pressure_order,124.68403655454016
internal_test,grud,20260912,24,FiO2_bounds,6.105385961501069
internal_test,grud,20260912,24,O2Sat_bounds,143.40851643009916
internal_test,grud,20260912,24,SaO2_bounds,87.38090608594206
internal_test,grud,20260912,24,emitted_FiO2_bounds,12.531596344545983
internal_test,grud,20260912,24,emitted_O2Sat_bounds,144.85708730313047
internal_test,grud,20260912,24,emitted_SaO2_bounds,184.27960334435156
internal_test,grud,20260912,24,emitted_pressure_order,157.95255687342018
internal_test,grud,20260912,24,pressure_order,138.25588178106165
external_test,transformer,20260912,1,FiO2_bounds,2.5779967159277506
external_test,transformer,20260912,1,O2Sat_bounds,119.85385878489326
external_test,transformer,20260912,1,SaO2_bounds,8.425287356321839
external_test,transformer,20260912,1,emitted_FiO2_bounds,34.73070607553366
external_test,transformer,20260912,1,emitted_O2Sat_bounds,135.07224958949098
external_test,transformer,20260912,1,emitted_SaO2_bounds,213.89326765188835
external_test,transformer,20260912,1,emitted_pressure_order,112.79802955665023
external_test,transformer,20260912,1,pressure_order,103.07717569786536
external_test,transformer,20260912,3,FiO2_bounds,4.888341543513957
external_test,transformer,20260912,3,O2Sat_bounds,141.04105090311987
external_test,transformer,20260912,3,SaO2_bounds,21.41543513957307
external_test,transformer,20260912,3,emitted_FiO2_bounds,38.44991789819376
external_test,transformer,20260912,3,emitted_O2Sat_bounds,143.92446633825944
external_test,transformer,20260912,3,emitted_SaO2_bounds,208.70279146141215
external_test,transformer,20260912,3,emitted_pressure_order,152.5024630541872
external_test,transformer,20260912,3,pressure_order,142.23481116584566
external_test,transformer,20260912,6,FiO2_bounds,6.676518883415435
external_test,transformer,20260912,6,O2Sat_bounds,148.88177339901478
external_test,transformer,20260912,6,SaO2_bounds,35.71100164203612
external_test,transformer,20260912,6,emitted_FiO2_bounds,41.32183908045977
external_test,transformer,20260912,6,emitted_O2Sat_bounds,149.0706075533662
external_test,transformer,20260912,6,emitted_SaO2_bounds,203.7454844006568
external_test,transformer,20260912,6,emitted_pressure_order,172.8423645320197
external_test,transformer,20260912,6,pressure_order,161.69622331691298
external_test,transformer,20260912,12,FiO2_bounds,8.97208538587849
external_test,transformer,20260912,12,O2Sat_bounds,158.6600985221675
external_test,transformer,20260912,12,SaO2_bounds,55.54351395730706
external_test,transformer,20260912,12,emitted_FiO2_bounds,42.38095238095238
external_test,transformer,20260912,12,emitted_O2Sat_bounds,158.64203612479474
external_test,transformer,20260912,12,emitted_SaO2_bounds,191.19868637110017
external_test,transformer,20260912,12,emitted_pressure_order,201.4893267651888
external_test,transformer,20260912,12,pressure_order,189.2282430213465
external_test,transformer,20260912,24,FiO2_bounds,11.170771756978654
external_test,transformer,20260912,24,O2Sat_bounds,169.4630541871921
external_test,transformer,20260912,24,SaO2_bounds,79.2807881773399
external_test,transformer,20260912,24,emitted_FiO2_bounds,37.79474548440066
external_test,transformer,20260912,24,emitted_O2Sat_bounds,168.8144499178982
external_test,transformer,20260912,24,emitted_SaO2_bounds,176.4975369458128
external_test,transformer,20260912,24,emitted_pressure_order,235.6912972085386
external_test,transformer,20260912,24,pressure_order,221.3727422003284
internal_test,transformer,20260912,1,FiO2_bounds,3.004083219910558
internal_test,transformer,20260912,1,O2Sat_bounds,131.32412988528097
internal_test,transformer,20260912,1,SaO2_bounds,10.37332296325102
internal_test,transformer,20260912,1,emitted_FiO2_bounds,25.004860976083997
internal_test,transformer,20260912,1,emitted_O2Sat_bounds,144.82792144662648
internal_test,transformer,20260912,1,emitted_SaO2_bounds,198.05560956640093
internal_test,transformer,20260912,1,emitted_pressure_order,137.99338907252576
internal_test,transformer,20260912,1,pressure_order,89.84055998444488
internal_test,transformer,20260912,3,FiO2_bounds,5.891503013805172
internal_test,transformer,20260912,3,O2Sat_bounds,154.3846004277659
internal_test,transformer,20260912,3,SaO2_bounds,25.12152440209994
internal_test,transformer,20260912,3,emitted_FiO2_bounds,25.140968306435933
internal_test,transformer,20260912,3,emitted_O2Sat_bounds,156.72759090025278
internal_test,transformer,20260912,3,emitted_SaO2_bounds,196.73342407155357
internal_test,transformer,20260912,3,emitted_pressure_order,159.1386350379156
internal_test,transformer,20260912,3,pressure_order,110.59692786311491
internal_test,transformer,20260912,6,FiO2_bounds,6.815088469764729
internal_test,transformer,20260912,6,O2Sat_bounds,157.95255687342018
internal_test,transformer,20260912,6,SaO2_bounds,39.39335018471709
internal_test,transformer,20260912,6,emitted_FiO2_bounds,24.674314602372156
internal_test,transformer,20260912,6,emitted_O2Sat_bounds,157.9428349212522
internal_test,transformer,20260912,6,emitted_SaO2_bounds,192.0571650787478
internal_test,transformer,20260912,6,emitted_pressure_order,168.15088469764729
internal_test,transformer,20260912,6,pressure_order,121.42718257826172
internal_test,transformer,20260912,12,FiO2_bounds,7.553956834532374
internal_test,transformer,20260912,12,O2Sat_bounds,163.1149134746257
internal_test,transformer,20260912,12,SaO2_bounds,56.34843476570095
internal_test,transformer,20260912,12,emitted_FiO2_bounds,24.382656037332296
internal_test,transformer,20260912,12,emitted_O2Sat_bounds,163.21213299630566
internal_test,transformer,20260912,12,emitted_SaO2_bounds,183.21991055804008
internal_test,transformer,20260912,12,emitted_pressure_order,181.54773478514485
internal_test,transformer,20260912,12,pressure_order,138.82947695897337
internal_test,transformer,20260912,24,FiO2_bounds,7.884503208244215
internal_test,transformer,20260912,24,O2Sat_bounds,169.25918724479877
internal_test,transformer,20260912,24,SaO2_bounds,77.085358740035
internal_test,transformer,20260912,24,emitted_FiO2_bounds,24.22710480264437
internal_test,transformer,20260912,24,emitted_O2Sat_bounds,169.23002138829477
internal_test,transformer,20260912,24,emitted_SaO2_bounds,171.8452265214855
internal_test,transformer,20260912,24,emitted_pressure_order,201.0402488819755
internal_test,transformer,20260912,24,pressure_order,161.4427377017305
external_test,rssm,20260912,1,FiO2_bounds,0.6042692939244664
external_test,rssm,20260912,1,O2Sat_bounds,12.676518883415437
external_test,rssm,20260912,1,SaO2_bounds,6.431855500821018
external_test,rssm,20260912,1,emitted_FiO2_bounds,0.4351395730706076
external_test,rssm,20260912,1,emitted_O2Sat_bounds,14.274220032840722
external_test,rssm,20260912,1,emitted_SaO2_bounds,136.23316912972086
external_test,rssm,20260912,1,emitted_pressure_order,0.8571428571428571
external_test,rssm,20260912,1,pressure_order,38.41215106732348
external_test,rssm,20260912,3,FiO2_bounds,0.4318555008210181
external_test,rssm,20260912,3,O2Sat_bounds,10.183908045977011
external_test,rssm,20260912,3,SaO2_bounds,18.423645320197043
external_test,rssm,20260912,3,emitted_FiO2_bounds,0.3021346469622332
external_test,rssm,20260912,3,emitted_O2Sat_bounds,10.016420361247947
external_test,rssm,20260912,3,emitted_SaO2_bounds,134.78817733990147
external_test,rssm,20260912,3,emitted_pressure_order,0.6568144499178982
external_test,rssm,20260912,3,pressure_order,17.119868637110017
external_test,rssm,20260912,6,FiO2_bounds,0.3152709359605911
external_test,rssm,20260912,6,O2Sat_bounds,8.71264367816092
external_test,rssm,20260912,6,SaO2_bounds,34.34811165845649
external_test,rssm,20260912,6,emitted_FiO2_bounds,0.2101806239737274
external_test,rssm,20260912,6,emitted_O2Sat_bounds,8.67487684729064
external_test,rssm,20260912,6,emitted_SaO2_bounds,135.67980295566502
external_test,rssm,20260912,6,emitted_pressure_order,0.5057471264367817
external_test,rssm,20260912,6,pressure_order,7.152709359605911
external_test,rssm,20260912,12,FiO2_bounds,0.2364532019704433
external_test,rssm,20260912,12,O2Sat_bounds,8.266009852216749
external_test,rssm,20260912,12,SaO2_bounds,61.39244663382594
external_test,rssm,20260912,12,emitted_FiO2_bounds,0.1970443349753694
external_test,rssm,20260912,12,emitted_O2Sat_bounds,8.305418719211822
external_test,rssm,20260912,12,emitted_SaO2_bounds,140.7471264367816
external_test,rssm,20260912,12,emitted_pressure_order,0.2413793103448276
external_test,rssm,20260912,12,pressure_order,3.893267651888342
external_test,rssm,20260912,24,FiO2_bounds,0.1313628899835796
external_test,rssm,20260912,24,O2Sat_bounds,8.635467980295566
external_test,rssm,20260912,24,SaO2_bounds,99.39737274220032
external_test,rssm,20260912,24,emitted_FiO2_bounds,0.1100164203612479
external_test,rssm,20260912,24,emitted_O2Sat_bounds,8.64039408866995
external_test,rssm,20260912,24,emitted_SaO2_bounds,147.18062397372742
external_test,rssm,20260912,24,emitted_pressure_order,0.1756978653530377
external_test,rssm,20260912,24,pressure_order,2.9211822660098523
internal_test,rssm,20260912,1,FiO2_bounds,0.0194439043359906
internal_test,rssm,20260912,1,O2Sat_bounds,23.81878281158857
internal_test,rssm,20260912,1,SaO2_bounds,7.369239743340462
internal_test,rssm,20260912,1,emitted_FiO2_bounds,0.408321991055804
internal_test,rssm,20260912,1,emitted_O2Sat_bounds,26.570095275131248
internal_test,rssm,20260912,1,emitted_SaO2_bounds,150.2624927085359
internal_test,rssm,20260912,1,emitted_pressure_order,1.1471903558234493
internal_test,rssm,20260912,1,pressure_order,24.159051137468403
internal_test,rssm,20260912,3,FiO2_bounds,0.0486097608399766
internal_test,rssm,20260912,3,O2Sat_bounds,19.95916780089442
internal_test,rssm,20260912,3,SaO2_bounds,20.804977639510017
internal_test,rssm,20260912,3,emitted_FiO2_bounds,0.3305463737118413
internal_test,rssm,20260912,3,emitted_O2Sat_bounds,20.095275131246353
internal_test,rssm,20260912,3,emitted_SaO2_bounds,148.69725840948863
internal_test,rssm,20260912,3,emitted_pressure_order,0.6610927474236826
internal_test,rssm,20260912,3,pressure_order,9.790005833171302
internal_test,rssm,20260912,6,FiO2_bounds,0.116663426015944
internal_test,rssm,20260912,6,O2Sat_bounds,14.932918530040832
internal_test,rssm,20260912,6,SaO2_bounds,39.45168189772507
internal_test,rssm,20260912,6,emitted_FiO2_bounds,0.204160995527902
internal_test,rssm,20260912,6,emitted_O2Sat_bounds,15.059303908224772
internal_test,rssm,20260912,6,emitted_SaO2_bounds,150.90414155162355
internal_test,rssm,20260912,6,emitted_pressure_order,0.408321991055804
internal_test,rssm,20260912,6,pressure_order,5.094302936029555
internal_test,rssm,20260912,12,FiO2_bounds,0.174995139023916
internal_test,rssm,20260912,12,O2Sat_bounds,12.891308574761812
internal_test,rssm,20260912,12,SaO2_bounds,67.50923585455959
internal_test,rssm,20260912,12,emitted_FiO2_bounds,0.1652731868559206
internal_test,rssm,20260912,12,emitted_O2Sat_bounds,12.910752479097804
internal_test,rssm,20260912,12,emitted_SaO2_bounds,151.75967334240715
internal_test,rssm,20260912,12,emitted_pressure_order,0.2236048998638926
internal_test,rssm,20260912,12,pressure_order,3.704063776006222
internal_test,rssm,20260912,24,FiO2_bounds,0.1069414738479486
internal_test,rssm,20260912,24,O2Sat_bounds,10.480264437098969
internal_test,rssm,20260912,24,SaO2_bounds,105.22068831421348
internal_test,rssm,20260912,24,emitted_FiO2_bounds,0.087497569511958
internal_test,rssm,20260912,24,emitted_O2Sat_bounds,10.421932724090995
internal_test,rssm,20260912,24,emitted_SaO2_bounds,150.49581956056775
internal_test,rssm,20260912,24,emitted_pressure_order,0.174995139023916
internal_test,rssm,20260912,24,pressure_order,2.7902002722146606
